symbol,output_size,window_size,data_mode,drop_out,max_string_lenght:,train_score,val_score,test_score,balance_score
AMZN,3,3,0,0.0,500,0.5510204081632653,0.2558139534883721,0.46551724137931033,0.5
AMZN,3,3,2,0.2,20000,0.5204081632653061,0.3023255813953488,0.3793103448275862,0.4807692307692308
AMZN,3,3,2,0.8,1000,0.5306122448979592,0.3023255813953488,0.4482758620689655,0.4807692307692308
AMZN,3,3,1,0.5,500,0.5612244897959183,0.3023255813953488,0.43103448275862066,0.5
AAPL,3,7,2,0.8,1000,0.45263157894736844,0.30952380952380953,0.5185185185185185,0.41304347826086957
AMZN,3,14,0,0.8,500,0.5333333333333333,0.325,0.5106382978723404,0.5869565217391305
AMZN,3,3,1,0.8,500,0.5306122448979592,0.32558139534883723,0.4827586206896552,0.5
TSLA,3,3,2,0.0,10000,0.5408163265306123,0.32558139534883723,0.4827586206896552,0.5185185185185185
TSLA,3,3,2,0.8,10000,0.5306122448979592,0.32558139534883723,0.39655172413793105,0.46296296296296297
AMZN,3,3,2,0.2,10000,0.5612244897959183,0.32558139534883723,0.43103448275862066,0.4230769230769231
AMZN,3,3,0,0.8,500,0.5408163265306123,0.32558139534883723,0.4482758620689655,0.46153846153846156
AMZN,3,3,2,0.2,500,0.46938775510204084,0.32558139534883723,0.39655172413793105,0.5384615384615384
TSLA,3,3,2,0.5,20000,0.4897959183673469,0.32558139534883723,0.43103448275862066,0.5
TSLA,3,3,2,0.2,20000,0.5102040816326531,0.32558139534883723,0.4482758620689655,0.5185185185185185
AMZN,3,3,2,0.0,1000,0.5306122448979592,0.32558139534883723,0.43103448275862066,0.4807692307692308
AMZN,3,3,1,0.2,500,0.5204081632653061,0.3488372093023256,0.4827586206896552,0.5576923076923077
AMZN,3,3,0,0.2,500,0.5,0.3488372093023256,0.4482758620689655,0.5192307692307693
TSLA,3,3,2,0.2,500,0.5408163265306123,0.3488372093023256,0.5172413793103449,0.5
MSFT,3,3,0,0.2,500,0.5,0.3488372093023256,0.5862068965517241,0.56
AMZN,3,3,2,0.2,1000,0.5102040816326531,0.3488372093023256,0.46551724137931033,0.5
AMZN,3,3,2,0.0,10000,0.47959183673469385,0.3488372093023256,0.46551724137931033,0.5192307692307693
MSFT,3,3,2,0.8,20000,0.5612244897959183,0.3488372093023256,0.4482758620689655,0.54
MSFT,3,14,2,0.8,1000,0.4666666666666667,0.35,0.5106382978723404,0.575
AMZN,3,7,2,0.2,20000,0.5684210526315789,0.35714285714285715,0.5555555555555556,0.5192307692307693
MSFT,3,7,2,0.0,20000,0.47368421052631576,0.35714285714285715,0.48148148148148145,0.5
AAPL,7,3,2,0.5,10000,0.5157894736842106,0.35714285714285715,0.35185185185185186,0.4722222222222222
AAPL,3,7,2,0.0,500,0.5578947368421052,0.35714285714285715,0.4444444444444444,0.4782608695652174
AAPL,3,7,2,0.2,20000,0.5578947368421052,0.35714285714285715,0.5,0.5652173913043478
AMZN,3,3,1,0.0,500,0.4489795918367347,0.37209302325581395,0.5172413793103449,0.5769230769230769
AMZN,3,3,2,0.8,500,0.5204081632653061,0.37209302325581395,0.43103448275862066,0.4807692307692308
AMZN,3,3,2,0.8,10000,0.5306122448979592,0.37209302325581395,0.4482758620689655,0.5
TSLA,3,3,2,0.0,1000,0.46938775510204084,0.37209302325581395,0.46551724137931033,0.4444444444444444
MSFT,3,3,2,0.5,10000,0.5510204081632653,0.37209302325581395,0.6896551724137931,0.46
AMZN,3,3,2,0.0,20000,0.5102040816326531,0.37209302325581395,0.43103448275862066,0.5384615384615384
AMZN,3,3,2,0.5,500,0.5204081632653061,0.37209302325581395,0.4827586206896552,0.5192307692307693
MSFT,3,3,0,0.5,500,0.5612244897959183,0.37209302325581395,0.5862068965517241,0.5
TSLA,3,3,2,0.8,500,0.47959183673469385,0.37209302325581395,0.39655172413793105,0.5555555555555556
AAPL,3,3,1,0.5,500,0.5408163265306123,0.37209302325581395,0.5344827586206896,0.5384615384615384
TSLA,3,3,0,0.5,500,0.5,0.37209302325581395,0.43103448275862066,0.42592592592592593
AMZN,3,3,2,0.5,20000,0.5714285714285714,0.37209302325581395,0.43103448275862066,0.5
TSLA,3,3,1,0.8,500,0.5,0.37209302325581395,0.4827586206896552,0.5
AMZN,3,3,2,0.5,10000,0.5306122448979592,0.37209302325581395,0.4827586206896552,0.4807692307692308
TSLA,3,3,2,0.5,10000,0.5714285714285714,0.37209302325581395,0.41379310344827586,0.5370370370370371
AMZN,3,14,2,0.2,10000,0.45555555555555555,0.375,0.5319148936170213,0.45652173913043476
AMZN,3,14,0,0.5,500,0.4777777777777778,0.375,0.48936170212765956,0.5
AAPL,7,7,2,0.0,20000,0.5268817204301075,0.375,0.38,0.46875
MSFT,3,14,2,0.2,20000,0.4666666666666667,0.375,0.5106382978723404,0.525
AAPL,7,3,1,0.5,500,0.5157894736842106,0.38095238095238093,0.35185185185185186,0.5
AAPL,3,7,2,0.2,10000,0.5473684210526316,0.38095238095238093,0.48148148148148145,0.5217391304347826
MSFT,3,7,2,0.8,20000,0.4842105263157895,0.38095238095238093,0.4444444444444444,0.3958333333333333
AAPL,3,7,1,0.5,500,0.5157894736842106,0.38095238095238093,0.46296296296296297,0.4782608695652174
AAPL,7,3,0,0.5,500,0.5473684210526316,0.38095238095238093,0.35185185185185186,0.5
AAPL,3,7,2,0.0,1000,0.49473684210526314,0.38095238095238093,0.4074074074074074,0.5434782608695652
AMZN,3,7,2,0.8,10000,0.49473684210526314,0.38095238095238093,0.6111111111111112,0.5769230769230769
MSFT,7,14,2,0.8,1000,0.5795454545454546,0.39473684210526316,0.23255813953488372,0.5
MSFT,3,3,1,0.2,500,0.5102040816326531,0.3953488372093023,0.5,0.48
TSLA,3,3,1,0.2,500,0.5,0.3953488372093023,0.46551724137931033,0.5370370370370371
TSLA,3,3,2,0.2,1000,0.4489795918367347,0.3953488372093023,0.5517241379310345,0.5925925925925926
TSLA,3,3,1,0.5,500,0.5306122448979592,0.3953488372093023,0.4827586206896552,0.46296296296296297
AMZN,3,14,2,0.2,500,0.45555555555555555,0.4,0.40425531914893614,0.5434782608695652
AMZN,7,7,2,0.2,1000,0.5913978494623656,0.4,0.44,0.5238095238095238
AMZN,3,14,1,0.2,500,0.4777777777777778,0.4,0.3829787234042553,0.6086956521739131
AAPL,3,14,1,0.8,500,0.45555555555555555,0.4,0.46808510638297873,0.3684210526315789
MSFT,3,14,2,0.8,20000,0.5222222222222223,0.4,0.46808510638297873,0.55
MSFT,7,7,1,0.8,500,0.4946236559139785,0.4,0.36,0.5
MSFT,14,3,0,0.8,500,0.5333333333333333,0.4,0.3191489361702128,0.4
AMZN,7,7,0,0.8,500,0.5698924731182796,0.4,0.42,0.5
AAPL,7,3,2,0.0,10000,0.5473684210526316,0.40476190476190477,0.3333333333333333,0.5
AAPL,3,7,2,0.8,10000,0.5263157894736842,0.40476190476190477,0.4444444444444444,0.5434782608695652
AAPL,7,3,2,0.0,1000,0.5052631578947369,0.40476190476190477,0.3333333333333333,0.5277777777777778
AMZN,7,3,2,0.8,20000,0.5473684210526316,0.40476190476190477,0.5,0.54
AAPL,3,7,2,0.5,10000,0.5578947368421052,0.40476190476190477,0.48148148148148145,0.5
AAPL,3,7,2,0.0,20000,0.47368421052631576,0.40476190476190477,0.42592592592592593,0.3695652173913043
AAPL,7,3,0,0.2,500,0.5368421052631579,0.40476190476190477,0.35185185185185186,0.5
AAPL,3,7,2,0.2,1000,0.5052631578947369,0.40476190476190477,0.5185185185185185,0.5434782608695652
AAPL,7,3,1,0.0,500,0.5368421052631579,0.40476190476190477,0.35185185185185186,0.5277777777777778
MSFT,7,3,2,0.0,1000,0.5368421052631579,0.40476190476190477,0.35185185185185186,0.5555555555555556
MSFT,3,7,0,0.2,500,0.45263157894736844,0.40476190476190477,0.48148148148148145,0.4583333333333333
AAPL,3,7,2,0.8,500,0.5578947368421052,0.40476190476190477,0.5370370370370371,0.41304347826086957
AAPL,7,3,2,0.0,20000,0.5263157894736842,0.40476190476190477,0.3888888888888889,0.4444444444444444
AAPL,3,7,0,0.2,500,0.5263157894736842,0.40476190476190477,0.3888888888888889,0.45652173913043476
AAPL,3,3,2,0.8,20000,0.6020408163265306,0.4186046511627907,0.5172413793103449,0.5384615384615384
AMZN,3,3,2,0.0,500,0.5816326530612245,0.4186046511627907,0.5,0.5384615384615384
MSFT,3,3,2,0.2,20000,0.5204081632653061,0.4186046511627907,0.46551724137931033,0.44
MSFT,3,3,2,0.0,1000,0.5306122448979592,0.4186046511627907,0.5862068965517241,0.48
AMZN,3,3,2,0.5,1000,0.5510204081632653,0.4186046511627907,0.46551724137931033,0.5384615384615384
TSLA,3,3,2,0.0,500,0.5408163265306123,0.4186046511627907,0.41379310344827586,0.4444444444444444
AMZN,3,3,0,0.5,500,0.5408163265306123,0.4186046511627907,0.4482758620689655,0.4807692307692308
TSLA,3,3,2,0.8,1000,0.5204081632653061,0.4186046511627907,0.41379310344827586,0.5185185185185185
TSLA,3,3,2,0.5,500,0.45918367346938777,0.4186046511627907,0.5517241379310345,0.5
AAPL,3,3,2,0.8,10000,0.5306122448979592,0.4186046511627907,0.603448275862069,0.46153846153846156
TSLA,3,3,2,0.5,1000,0.5,0.4186046511627907,0.603448275862069,0.46296296296296297
AMZN,7,14,0,0.0,500,0.6022727272727273,0.42105263157894735,0.32558139534883723,0.42857142857142855
MSFT,14,7,2,0.0,10000,0.5340909090909091,0.42105263157894735,0.3953488372093023,0.5909090909090909
MSFT,7,14,2,0.8,20000,0.5681818181818182,0.42105263157894735,0.2558139534883721,0.5
MSFT,7,14,2,0.0,1000,0.5909090909090909,0.42105263157894735,0.23255813953488372,0.5
MSFT,7,14,2,0.2,10000,0.5795454545454546,0.42105263157894735,0.23255813953488372,0.5
MSFT,7,14,2,0.8,10000,0.5795454545454546,0.42105263157894735,0.2558139534883721,0.55
MSFT,7,14,2,0.0,20000,0.5340909090909091,0.42105263157894735,0.3023255813953488,0.4
MSFT,7,14,0,0.2,500,0.5795454545454546,0.42105263157894735,0.23255813953488372,0.55
MSFT,7,14,2,0.5,500,0.5681818181818182,0.42105263157894735,0.23255813953488372,0.5
AAPL,7,7,1,0.2,500,0.5376344086021505,0.425,0.36,0.53125
AAPL,3,14,2,0.0,20000,0.5666666666666667,0.425,0.5531914893617021,0.5789473684210527
MSFT,7,7,2,0.2,1000,0.5483870967741935,0.425,0.38,0.4411764705882353
AMZN,7,7,1,0.8,500,0.5806451612903226,0.425,0.48,0.5476190476190477
MSFT,14,3,2,0.2,10000,0.5333333333333333,0.425,0.2765957446808511,0.5
GOOGL,7,7,2,0.0,500,0.5913978494623656,0.425,0.36,0.47368421052631576
MSFT,3,14,2,0.5,20000,0.5555555555555556,0.425,0.3829787234042553,0.6
AMZN,7,7,2,0.2,20000,0.5268817204301075,0.425,0.44,0.5476190476190477
AMZN,7,7,2,0.8,10000,0.5268817204301075,0.425,0.42,0.5476190476190477
AAPL,3,14,2,0.0,1000,0.5444444444444444,0.425,0.6170212765957447,0.5526315789473685
AMZN,7,7,2,0.0,10000,0.5591397849462365,0.425,0.42,0.47619047619047616
AMZN,7,7,2,0.8,1000,0.5591397849462365,0.425,0.42,0.4523809523809524
AMZN,7,7,2,0.8,500,0.5591397849462365,0.425,0.42,0.47619047619047616
MSFT,7,7,0,0.8,500,0.5591397849462365,0.425,0.42,0.5294117647058824
AMZN,7,7,2,0.0,500,0.5376344086021505,0.425,0.44,0.5476190476190477
AMZN,3,14,0,0.0,500,0.5111111111111111,0.425,0.44680851063829785,0.5
MSFT,7,3,2,0.0,20000,0.5578947368421052,0.42857142857142855,0.37037037037037035,0.5277777777777778
AAPL,3,7,2,0.5,20000,0.4842105263157895,0.42857142857142855,0.35185185185185186,0.5217391304347826
AAPL,7,3,0,0.0,500,0.5473684210526316,0.42857142857142855,0.3333333333333333,0.5
MSFT,7,3,2,0.5,20000,0.5368421052631579,0.42857142857142855,0.37037037037037035,0.4444444444444444
AMZN,3,7,1,0.5,500,0.5368421052631579,0.42857142857142855,0.5370370370370371,0.46153846153846156
AAPL,3,7,1,0.2,500,0.5368421052631579,0.42857142857142855,0.5,0.4782608695652174
AAPL,7,3,2,0.8,20000,0.5052631578947369,0.42857142857142855,0.35185185185185186,0.4166666666666667
AAPL,7,3,2,0.2,20000,0.5473684210526316,0.42857142857142855,0.3333333333333333,0.5
AMZN,7,3,2,0.5,1000,0.5368421052631579,0.42857142857142855,0.46296296296296297,0.5
AMZN,7,3,2,0.8,500,0.5473684210526316,0.42857142857142855,0.5,0.5
AAPL,7,3,2,0.2,10000,0.5473684210526316,0.42857142857142855,0.3888888888888889,0.4722222222222222
AAPL,7,3,2,0.5,500,0.5578947368421052,0.42857142857142855,0.4074074074074074,0.5277777777777778
AAPL,7,3,2,0.2,1000,0.5473684210526316,0.42857142857142855,0.35185185185185186,0.5555555555555556
AMZN,3,7,2,0.0,1000,0.5684210526315789,0.42857142857142855,0.46296296296296297,0.5769230769230769
AMZN,3,3,2,0.8,20000,0.45918367346938777,0.4418604651162791,0.4482758620689655,0.5192307692307693
AAPL,3,3,0,0.0,500,0.5204081632653061,0.4418604651162791,0.5172413793103449,0.5384615384615384
AAPL,3,3,2,0.5,20000,0.5510204081632653,0.4418604651162791,0.5344827586206896,0.5
AAPL,3,3,2,0.0,20000,0.5510204081632653,0.4418604651162791,0.5517241379310345,0.5384615384615384
AAPL,3,3,2,0.2,1000,0.5816326530612245,0.4418604651162791,0.5517241379310345,0.5384615384615384
AMZN,7,14,2,0.0,1000,0.6022727272727273,0.4473684210526316,0.37209302325581395,0.5
AMZN,7,14,1,0.0,500,0.625,0.4473684210526316,0.27906976744186046,0.5357142857142857
AMZN,7,14,0,0.8,500,0.6022727272727273,0.4473684210526316,0.3488372093023256,0.5
AMZN,7,14,0,0.5,500,0.6022727272727273,0.4473684210526316,0.32558139534883723,0.5
AMZN,7,14,0,0.2,500,0.6022727272727273,0.4473684210526316,0.32558139534883723,0.5
AMZN,7,14,1,0.2,500,0.6022727272727273,0.4473684210526316,0.3023255813953488,0.5357142857142857
MSFT,7,14,2,0.2,20000,0.5909090909090909,0.4473684210526316,0.3023255813953488,0.55
MSFT,7,14,2,0.5,1000,0.5795454545454546,0.4473684210526316,0.20930232558139536,0.5
MSFT,7,14,2,0.2,1000,0.5795454545454546,0.4473684210526316,0.2558139534883721,0.55
MSFT,7,14,2,0.2,500,0.5681818181818182,0.4473684210526316,0.20930232558139536,0.45
MSFT,7,14,2,0.0,500,0.5795454545454546,0.4473684210526316,0.2558139534883721,0.5
MSFT,7,14,0,0.5,500,0.5795454545454546,0.4473684210526316,0.23255813953488372,0.5
MSFT,7,14,0,0.8,500,0.5795454545454546,0.4473684210526316,0.27906976744186046,0.55
MSFT,7,14,1,0.0,500,0.5795454545454546,0.4473684210526316,0.2558139534883721,0.5
MSFT,7,14,2,0.5,10000,0.5568181818181818,0.4473684210526316,0.23255813953488372,0.45
AMZN,7,14,1,0.8,500,0.6022727272727273,0.4473684210526316,0.32558139534883723,0.4642857142857143
AMZN,7,14,2,0.5,20000,0.6022727272727273,0.4473684210526316,0.3953488372093023,0.4642857142857143
MSFT,7,14,1,0.2,500,0.5795454545454546,0.4473684210526316,0.2558139534883721,0.55
AMZN,7,14,2,0.2,20000,0.6022727272727273,0.4473684210526316,0.3488372093023256,0.5357142857142857
AMZN,7,14,2,0.0,20000,0.6022727272727273,0.4473684210526316,0.3488372093023256,0.5
AMZN,7,14,2,0.8,10000,0.6022727272727273,0.4473684210526316,0.3023255813953488,0.4642857142857143
AMZN,7,14,2,0.2,10000,0.6022727272727273,0.4473684210526316,0.32558139534883723,0.5357142857142857
AMZN,7,14,2,0.8,1000,0.6022727272727273,0.4473684210526316,0.3488372093023256,0.5357142857142857
AMZN,7,14,2,0.5,1000,0.6022727272727273,0.4473684210526316,0.3488372093023256,0.5
AMZN,7,14,2,0.2,1000,0.6022727272727273,0.4473684210526316,0.3488372093023256,0.5
MSFT,14,7,2,0.8,1000,0.4772727272727273,0.4473684210526316,0.32558139534883723,0.5454545454545454
AMZN,7,14,2,0.8,500,0.6022727272727273,0.4473684210526316,0.37209302325581395,0.42857142857142855
AMZN,7,14,2,0.5,500,0.6136363636363636,0.4473684210526316,0.32558139534883723,0.5
AMZN,7,14,2,0.2,500,0.6022727272727273,0.4473684210526316,0.32558139534883723,0.5
AMZN,7,14,2,0.0,500,0.6022727272727273,0.4473684210526316,0.32558139534883723,0.5
AAPL,7,14,1,0.2,500,0.5454545454545454,0.4473684210526316,0.3023255813953488,0.55
AMZN,7,14,2,0.8,20000,0.6022727272727273,0.4473684210526316,0.3953488372093023,0.5357142857142857
MSFT,14,7,2,0.5,10000,0.5113636363636364,0.4473684210526316,0.4186046511627907,0.5
MSFT,7,14,2,0.5,20000,0.5909090909090909,0.4473684210526316,0.23255813953488372,0.5
AMZN,7,7,2,0.5,20000,0.5698924731182796,0.45,0.46,0.5476190476190477
AMZN,7,7,2,0.8,20000,0.5268817204301075,0.45,0.4,0.5476190476190477
GOOGL,7,7,2,0.5,500,0.5591397849462365,0.45,0.42,0.5263157894736842
AMZN,3,14,2,0.0,10000,0.43333333333333335,0.45,0.5957446808510638,0.5652173913043478
MSFT,14,3,1,0.5,500,0.5555555555555556,0.45,0.3404255319148936,0.5333333333333333
GOOGL,7,7,2,0.2,1000,0.5806451612903226,0.45,0.4,0.5263157894736842
MSFT,7,7,2,0.5,500,0.5161290322580645,0.45,0.38,0.5
AMZN,3,14,2,0.5,20000,0.43333333333333335,0.45,0.46808510638297873,0.6739130434782609
MSFT,7,7,2,0.0,500,0.5376344086021505,0.45,0.4,0.5
AMZN,3,14,0,0.2,500,0.5333333333333333,0.45,0.425531914893617,0.5217391304347826
GOOGL,7,7,2,0.8,20000,0.5806451612903226,0.45,0.36,0.5
AMZN,7,7,0,0.2,500,0.5591397849462365,0.45,0.42,0.5
MSFT,14,3,2,0.5,20000,0.5555555555555556,0.45,0.3617021276595745,0.43333333333333335
AAPL,7,7,2,0.0,500,0.5376344086021505,0.45,0.32,0.46875
MSFT,7,7,0,0.5,500,0.5376344086021505,0.45,0.34,0.5
MSFT,14,3,2,0.8,10000,0.5777777777777777,0.45,0.3404255319148936,0.4666666666666667
MSFT,7,7,2,0.8,10000,0.5268817204301075,0.45,0.38,0.47058823529411764
GOOGL,7,7,0,0.2,500,0.5806451612903226,0.45,0.42,0.47368421052631576
AAPL,7,7,2,0.5,1000,0.5268817204301075,0.45,0.38,0.53125
AAPL,7,7,2,0.2,1000,0.5591397849462365,0.45,0.36,0.46875
AAPL,3,14,0,0.0,500,0.4777777777777778,0.45,0.574468085106383,0.3157894736842105
AAPL,7,7,1,0.8,500,0.5591397849462365,0.45,0.36,0.53125
MSFT,3,14,2,0.0,20000,0.5333333333333333,0.45,0.574468085106383,0.525
AMZN,7,7,2,0.0,20000,0.5698924731182796,0.45,0.4,0.5714285714285714
AMZN,7,7,1,0.0,500,0.5483870967741935,0.45,0.42,0.47619047619047616
AMZN,7,7,1,0.2,500,0.5698924731182796,0.45,0.4,0.5
MSFT,3,14,1,0.2,500,0.5555555555555556,0.45,0.425531914893617,0.45
AMZN,7,7,2,0.0,1000,0.5591397849462365,0.45,0.46,0.47619047619047616
AMZN,7,7,2,0.5,1000,0.5806451612903226,0.45,0.44,0.5
AMZN,7,7,2,0.2,10000,0.5698924731182796,0.45,0.48,0.47619047619047616
AMZN,7,7,1,0.5,500,0.5591397849462365,0.45,0.42,0.47619047619047616
AMZN,7,7,2,0.5,500,0.5591397849462365,0.45,0.42,0.5
AMZN,3,14,1,0.5,500,0.5222222222222223,0.45,0.48936170212765956,0.5
AAPL,3,14,1,0.5,500,0.5666666666666667,0.45,0.574468085106383,0.5526315789473685
AMZN,7,7,2,0.5,10000,0.5591397849462365,0.45,0.4,0.5238095238095238
GOOGL,7,7,0,0.5,500,0.5698924731182796,0.45,0.38,0.5
GOOGL,7,7,1,0.8,500,0.5698924731182796,0.45,0.38,0.5
MSFT,14,3,2,0.0,500,0.5666666666666667,0.45,0.3404255319148936,0.5333333333333333
AAPL,3,14,2,0.5,10000,0.5,0.45,0.5106382978723404,0.5
AMZN,7,3,0,0.8,500,0.5578947368421052,0.4523809523809524,0.46296296296296297,0.5
AAPL,7,3,2,0.2,500,0.5684210526315789,0.4523809523809524,0.37037037037037035,0.4722222222222222
AAPL,7,3,2,0.8,500,0.5368421052631579,0.4523809523809524,0.35185185185185186,0.4444444444444444
AMZN,3,7,1,0.0,500,0.5368421052631579,0.4523809523809524,0.46296296296296297,0.4807692307692308
AAPL,3,7,2,0.2,500,0.47368421052631576,0.4523809523809524,0.5370370370370371,0.5869565217391305
AAPL,7,3,1,0.8,500,0.5578947368421052,0.4523809523809524,0.3333333333333333,0.4444444444444444
AAPL,7,3,1,0.2,500,0.5473684210526316,0.4523809523809524,0.37037037037037035,0.4722222222222222
AMZN,7,3,1,0.5,500,0.5473684210526316,0.4523809523809524,0.5370370370370371,0.5
MSFT,7,3,2,0.2,10000,0.5473684210526316,0.4523809523809524,0.3333333333333333,0.4722222222222222
AMZN,3,7,2,0.2,500,0.45263157894736844,0.4523809523809524,0.5740740740740741,0.5769230769230769
AMZN,3,7,2,0.8,500,0.5263157894736842,0.4523809523809524,0.5185185185185185,0.5
AMZN,7,3,0,0.5,500,0.5263157894736842,0.4523809523809524,0.5,0.5
AAPL,7,3,2,0.0,500,0.5263157894736842,0.4523809523809524,0.37037037037037035,0.5277777777777778
MSFT,7,3,1,0.0,500,0.5578947368421052,0.4523809523809524,0.2777777777777778,0.5
MSFT,7,3,1,0.8,500,0.5578947368421052,0.4523809523809524,0.35185185185185186,0.4444444444444444
AMZN,7,3,2,0.2,1000,0.5368421052631579,0.4523809523809524,0.48148148148148145,0.5
TSLA,3,7,2,0.2,10000,0.5263157894736842,0.4523809523809524,0.5740740740740741,0.4782608695652174
AMZN,7,3,2,0.0,1000,0.5473684210526316,0.4523809523809524,0.5370370370370371,0.5
AAPL,3,7,0,0.5,500,0.5368421052631579,0.4523809523809524,0.5185185185185185,0.4782608695652174
AMZN,7,3,2,0.8,1000,0.5368421052631579,0.4523809523809524,0.4444444444444444,0.5
MSFT,7,3,2,0.5,500,0.5473684210526316,0.4523809523809524,0.3333333333333333,0.5
AMZN,3,7,2,0.8,20000,0.5578947368421052,0.4523809523809524,0.5740740740740741,0.5
MSFT,7,3,2,0.5,1000,0.5473684210526316,0.4523809523809524,0.37037037037037035,0.5
MSFT,7,3,0,0.8,500,0.5368421052631579,0.4523809523809524,0.3333333333333333,0.5
MSFT,3,3,2,0.5,20000,0.42857142857142855,0.46511627906976744,0.5517241379310345,0.5
AAPL,3,3,2,0.2,10000,0.5408163265306123,0.46511627906976744,0.5,0.5
MSFT,3,3,2,0.2,500,0.42857142857142855,0.46511627906976744,0.5689655172413793,0.36
AAPL,3,3,1,0.8,500,0.5306122448979592,0.46511627906976744,0.5689655172413793,0.46153846153846156
TSLA,3,3,2,0.2,10000,0.4387755102040816,0.46511627906976744,0.5,0.5
AAPL,3,3,0,0.5,500,0.5306122448979592,0.46511627906976744,0.5344827586206896,0.5
MSFT,3,3,2,0.8,10000,0.4897959183673469,0.46511627906976744,0.5172413793103449,0.42
AAPL,3,3,0,0.2,500,0.5408163265306123,0.46511627906976744,0.5517241379310345,0.5
AAPL,3,3,2,0.0,500,0.5510204081632653,0.46511627906976744,0.5344827586206896,0.46153846153846156
AAPL,3,3,0,0.8,500,0.5510204081632653,0.46511627906976744,0.5344827586206896,0.5384615384615384
TSLA,3,3,2,0.8,20000,0.47959183673469385,0.46511627906976744,0.4827586206896552,0.48148148148148145
AAPL,3,3,2,0.2,500,0.5204081632653061,0.46511627906976744,0.5517241379310345,0.4807692307692308
AAPL,3,3,2,0.5,500,0.5102040816326531,0.46511627906976744,0.5689655172413793,0.4423076923076923
AAPL,3,3,2,0.8,500,0.5204081632653061,0.46511627906976744,0.5517241379310345,0.5
AAPL,3,3,2,0.2,20000,0.5408163265306123,0.46511627906976744,0.5517241379310345,0.5192307692307693
GOOGL,7,14,0,0.5,500,0.6022727272727273,0.47368421052631576,0.46511627906976744,0.4166666666666667
MSFT,7,14,2,0.8,500,0.5681818181818182,0.47368421052631576,0.2558139534883721,0.5
MSFT,7,14,0,0.0,500,0.5568181818181818,0.47368421052631576,0.27906976744186046,0.6
MSFT,7,14,2,0.0,10000,0.5795454545454546,0.47368421052631576,0.2558139534883721,0.55
MSFT,7,14,1,0.8,500,0.5795454545454546,0.47368421052631576,0.27906976744186046,0.45
AMZN,7,14,2,0.0,10000,0.6022727272727273,0.47368421052631576,0.32558139534883723,0.5
AMZN,7,14,2,0.5,10000,0.6136363636363636,0.47368421052631576,0.3488372093023256,0.5357142857142857
AAPL,7,7,2,0.8,1000,0.5698924731182796,0.475,0.38,0.5
MSFT,7,7,2,0.2,20000,0.5268817204301075,0.475,0.34,0.5294117647058824
MSFT,7,7,2,0.2,10000,0.4838709677419355,0.475,0.36,0.4411764705882353
AAPL,7,7,2,0.2,500,0.5591397849462365,0.475,0.34,0.53125
AAPL,3,14,1,0.2,500,0.4666666666666667,0.475,0.5531914893617021,0.47368421052631576
AMZN,7,7,2,0.2,500,0.5483870967741935,0.475,0.46,0.5238095238095238
AAPL,7,7,2,0.5,10000,0.5376344086021505,0.475,0.38,0.5
MSFT,7,7,2,0.0,1000,0.5161290322580645,0.475,0.32,0.47058823529411764
AAPL,3,14,1,0.0,500,0.4777777777777778,0.475,0.574468085106383,0.5
AMZN,3,14,2,0.5,500,0.4888888888888889,0.475,0.574468085106383,0.5434782608695652
MSFT,7,7,2,0.0,20000,0.5376344086021505,0.475,0.36,0.5
AAPL,7,7,2,0.8,10000,0.5268817204301075,0.475,0.3,0.5
MSFT,7,7,2,0.0,10000,0.4838709677419355,0.475,0.34,0.47058823529411764
AMZN,3,14,2,0.2,20000,0.5111111111111111,0.475,0.5531914893617021,0.5
AAPL,7,7,2,0.0,10000,0.5268817204301075,0.475,0.34,0.53125
MSFT,7,7,2,0.8,1000,0.5591397849462365,0.475,0.32,0.4411764705882353
AAPL,7,7,2,0.2,10000,0.5806451612903226,0.475,0.34,0.53125
AAPL,7,7,2,0.8,20000,0.5698924731182796,0.475,0.34,0.46875
AAPL,7,7,2,0.5,20000,0.5698924731182796,0.475,0.34,0.53125
AAPL,7,7,1,0.0,500,0.5268817204301075,0.475,0.36,0.46875
AAPL,7,7,2,0.0,1000,0.5483870967741935,0.475,0.28,0.5625
GOOGL,7,7,2,0.2,500,0.5698924731182796,0.475,0.38,0.5263157894736842
GOOGL,7,7,0,0.0,500,0.5806451612903226,0.475,0.38,0.5
AAPL,14,3,2,0.8,10000,0.5777777777777777,0.475,0.3617021276595745,0.5357142857142857
MSFT,14,3,0,0.0,500,0.5444444444444444,0.475,0.3191489361702128,0.5333333333333333
MSFT,14,3,0,0.2,500,0.5333333333333333,0.475,0.3404255319148936,0.5
MSFT,14,3,0,0.5,500,0.5444444444444444,0.475,0.3191489361702128,0.5
AAPL,7,7,0,0.8,500,0.4946236559139785,0.475,0.38,0.4375
MSFT,14,3,2,0.8,1000,0.5444444444444444,0.475,0.3404255319148936,0.4666666666666667
AAPL,7,7,0,0.5,500,0.5268817204301075,0.475,0.3,0.5
MSFT,14,3,1,0.0,500,0.5222222222222223,0.475,0.3829787234042553,0.5333333333333333
MSFT,14,3,1,0.8,500,0.5555555555555556,0.475,0.3404255319148936,0.4666666666666667
GOOGL,3,14,2,0.0,10000,0.4888888888888889,0.475,0.3829787234042553,0.4411764705882353
MSFT,7,7,1,0.0,500,0.5483870967741935,0.475,0.38,0.4411764705882353
MSFT,7,7,1,0.5,500,0.5161290322580645,0.475,0.34,0.47058823529411764
MSFT,14,3,2,0.8,500,0.5555555555555556,0.475,0.3404255319148936,0.5
AAPL,3,14,2,0.8,20000,0.5222222222222223,0.475,0.5957446808510638,0.5263157894736842
AAPL,3,14,2,0.5,20000,0.5222222222222223,0.475,0.44680851063829785,0.5
AAPL,3,14,2,0.2,20000,0.5111111111111111,0.475,0.574468085106383,0.4473684210526316
AAPL,3,14,2,0.2,10000,0.43333333333333335,0.475,0.5957446808510638,0.3684210526315789
AAPL,3,14,2,0.0,10000,0.4222222222222222,0.475,0.5106382978723404,0.5526315789473685
AAPL,3,14,2,0.5,1000,0.5444444444444444,0.475,0.5957446808510638,0.5
AAPL,3,14,2,0.8,500,0.5222222222222223,0.475,0.574468085106383,0.47368421052631576
MSFT,7,7,1,0.2,500,0.5591397849462365,0.475,0.34,0.5294117647058824
MSFT,14,3,2,0.5,10000,0.5555555555555556,0.475,0.3191489361702128,0.5333333333333333
MSFT,3,14,0,0.8,500,0.6111111111111112,0.475,0.5531914893617021,0.4
GOOGL,7,7,2,0.8,1000,0.5806451612903226,0.475,0.4,0.47368421052631576
GOOGL,7,7,2,0.8,500,0.5806451612903226,0.475,0.38,0.5
GOOGL,7,7,2,0.0,1000,0.5698924731182796,0.475,0.38,0.5
GOOGL,7,7,2,0.5,1000,0.5698924731182796,0.475,0.46,0.47368421052631576
GOOGL,7,7,1,0.0,500,0.5806451612903226,0.475,0.36,0.47368421052631576
GOOGL,7,7,0,0.8,500,0.5806451612903226,0.475,0.38,0.5
GOOGL,7,7,2,0.0,10000,0.6021505376344086,0.475,0.38,0.4473684210526316
GOOGL,7,7,2,0.2,10000,0.5806451612903226,0.475,0.42,0.5
GOOGL,7,7,1,0.5,500,0.5913978494623656,0.475,0.36,0.5263157894736842
GOOGL,7,7,2,0.5,10000,0.5806451612903226,0.475,0.34,0.4473684210526316
GOOGL,7,7,1,0.2,500,0.5806451612903226,0.475,0.38,0.5263157894736842
GOOGL,7,7,2,0.0,20000,0.5698924731182796,0.475,0.38,0.5263157894736842
GOOGL,7,7,2,0.2,20000,0.5698924731182796,0.475,0.38,0.47368421052631576
GOOGL,7,7,2,0.5,20000,0.5591397849462365,0.475,0.38,0.4473684210526316
AMZN,7,7,0,0.5,500,0.5698924731182796,0.475,0.56,0.5476190476190477
AMZN,7,7,0,0.0,500,0.5483870967741935,0.475,0.5,0.5
TSLA,3,14,2,0.8,20000,0.5111111111111111,0.475,0.5957446808510638,0.575
GOOGL,7,7,2,0.8,10000,0.5913978494623656,0.475,0.4,0.5
AMZN,3,7,2,0.0,20000,0.5368421052631579,0.47619047619047616,0.5185185185185185,0.5192307692307693
AMZN,3,7,2,0.5,10000,0.5578947368421052,0.47619047619047616,0.48148148148148145,0.4230769230769231
AMZN,3,7,2,0.0,10000,0.5473684210526316,0.47619047619047616,0.5740740740740741,0.46153846153846156
AAPL,3,7,1,0.8,500,0.5578947368421052,0.47619047619047616,0.42592592592592593,0.5217391304347826
MSFT,7,3,2,0.8,500,0.5368421052631579,0.47619047619047616,0.3333333333333333,0.4166666666666667
MSFT,7,3,2,0.0,500,0.5473684210526316,0.47619047619047616,0.3148148148148148,0.4722222222222222
MSFT,7,3,2,0.8,1000,0.5684210526315789,0.47619047619047616,0.35185185185185186,0.5277777777777778
MSFT,3,7,2,0.8,1000,0.47368421052631576,0.47619047619047616,0.42592592592592593,0.5
MSFT,7,3,2,0.5,10000,0.5684210526315789,0.47619047619047616,0.3333333333333333,0.5555555555555556
MSFT,3,7,2,0.5,500,0.49473684210526314,0.47619047619047616,0.4444444444444444,0.4583333333333333
TSLA,3,7,2,0.0,20000,0.5368421052631579,0.47619047619047616,0.5555555555555556,0.4782608695652174
MSFT,3,7,1,0.8,500,0.5368421052631579,0.47619047619047616,0.5185185185185185,0.5625
MSFT,3,7,1,0.2,500,0.5157894736842106,0.47619047619047616,0.5185185185185185,0.5
MSFT,7,3,1,0.5,500,0.5473684210526316,0.47619047619047616,0.3333333333333333,0.5
MSFT,7,3,1,0.2,500,0.5684210526315789,0.47619047619047616,0.35185185185185186,0.5
AAPL,7,3,0,0.8,500,0.5263157894736842,0.47619047619047616,0.4074074074074074,0.5833333333333334
AAPL,3,7,1,0.0,500,0.47368421052631576,0.47619047619047616,0.5185185185185185,0.5217391304347826
MSFT,7,3,0,0.0,500,0.5578947368421052,0.47619047619047616,0.3333333333333333,0.5
TSLA,3,7,2,0.8,500,0.5052631578947369,0.47619047619047616,0.42592592592592593,0.5869565217391305
MSFT,7,3,2,0.0,10000,0.5473684210526316,0.47619047619047616,0.42592592592592593,0.4166666666666667
AAPL,3,7,2,0.5,1000,0.49473684210526314,0.47619047619047616,0.4074074074074074,0.4782608695652174
AMZN,3,7,1,0.8,500,0.5684210526315789,0.47619047619047616,0.5370370370370371,0.46153846153846156
AMZN,7,3,2,0.2,20000,0.5789473684210527,0.47619047619047616,0.3888888888888889,0.52
AMZN,7,3,2,0.5,20000,0.5263157894736842,0.47619047619047616,0.48148148148148145,0.5
AMZN,7,3,2,0.5,10000,0.5684210526315789,0.47619047619047616,0.46296296296296297,0.5
AMZN,7,3,0,0.0,500,0.5473684210526316,0.47619047619047616,0.48148148148148145,0.5
AMZN,7,3,2,0.2,10000,0.5473684210526316,0.47619047619047616,0.5185185185185185,0.52
AMZN,7,3,2,0.0,10000,0.5684210526315789,0.47619047619047616,0.46296296296296297,0.48
AMZN,3,7,0,0.0,500,0.5263157894736842,0.47619047619047616,0.5185185185185185,0.5192307692307693
AMZN,3,7,0,0.5,500,0.5052631578947369,0.47619047619047616,0.46296296296296297,0.5576923076923077
AMZN,7,3,2,0.5,500,0.5473684210526316,0.47619047619047616,0.46296296296296297,0.46
TSLA,3,7,1,0.8,500,0.5368421052631579,0.47619047619047616,0.5,0.5217391304347826
AMZN,3,7,2,0.5,500,0.5578947368421052,0.47619047619047616,0.48148148148148145,0.4423076923076923
AAPL,7,3,2,0.8,10000,0.5578947368421052,0.47619047619047616,0.37037037037037035,0.5277777777777778
AAPL,7,3,2,0.5,20000,0.49473684210526314,0.47619047619047616,0.3148148148148148,0.4444444444444444
AMZN,7,3,2,0.0,20000,0.5368421052631579,0.47619047619047616,0.48148148148148145,0.54
AAPL,3,7,2,0.5,500,0.4842105263157895,0.47619047619047616,0.4074074074074074,0.5652173913043478
AMZN,7,3,1,0.8,500,0.5578947368421052,0.47619047619047616,0.46296296296296297,0.54
AMZN,7,3,1,0.2,500,0.5368421052631579,0.47619047619047616,0.48148148148148145,0.48
AAPL,7,3,2,0.8,1000,0.5578947368421052,0.47619047619047616,0.37037037037037035,0.5555555555555556
TSLA,3,3,1,0.0,500,0.5612244897959183,0.4883720930232558,0.4482758620689655,0.48148148148148145
TSLA,3,3,2,0.0,20000,0.47959183673469385,0.4883720930232558,0.5,0.5
MSFT,3,3,2,0.0,10000,0.47959183673469385,0.4883720930232558,0.603448275862069,0.44
TSLA,3,3,0,0.0,500,0.5408163265306123,0.4883720930232558,0.4482758620689655,0.4444444444444444
AAPL,3,3,1,0.2,500,0.5408163265306123,0.4883720930232558,0.5517241379310345,0.46153846153846156
AAPL,3,3,2,0.0,1000,0.5306122448979592,0.4883720930232558,0.5,0.5576923076923077
AAPL,3,3,2,0.5,1000,0.5306122448979592,0.4883720930232558,0.5517241379310345,0.5192307692307693
AAPL,3,3,2,0.8,1000,0.5306122448979592,0.4883720930232558,0.5689655172413793,0.5384615384615384
AAPL,3,3,1,0.0,500,0.5204081632653061,0.4883720930232558,0.5344827586206896,0.5576923076923077
AAPL,3,3,2,0.5,10000,0.5306122448979592,0.4883720930232558,0.5517241379310345,0.5192307692307693
GOOGL,7,3,2,0.5,500,0.5789473684210527,0.5,0.42592592592592593,0.5217391304347826
MSFT,3,14,2,0.8,500,0.4888888888888889,0.5,0.5106382978723404,0.4
AAPL,3,14,0,0.2,500,0.5222222222222223,0.5,0.5957446808510638,0.5526315789473685
AAPL,7,3,2,0.5,1000,0.5684210526315789,0.5,0.37037037037037035,0.4722222222222222
GOOGL,7,14,2,0.2,10000,0.5568181818181818,0.5,0.2558139534883721,0.5
GOOGL,3,14,2,0.5,10000,0.5,0.5,0.40425531914893614,0.5588235294117647
GOOGL,7,3,1,0.8,500,0.5789473684210527,0.5,0.4444444444444444,0.5
GOOGL,3,7,2,0.8,500,0.5894736842105263,0.5,0.4074074074074074,0.45454545454545453
AMZN,7,3,0,0.2,500,0.5368421052631579,0.5,0.4444444444444444,0.48
AAPL,7,14,0,0.2,500,0.5568181818181818,0.5,0.23255813953488372,0.45
AAPL,14,3,2,0.2,10000,0.5555555555555556,0.5,0.2978723404255319,0.5357142857142857
GOOGL,3,7,1,0.0,500,0.5789473684210527,0.5,0.37037037037037035,0.5454545454545454
GOOGL,3,7,1,0.8,500,0.5894736842105263,0.5,0.42592592592592593,0.5454545454545454
GOOGL,7,3,2,0.2,1000,0.5894736842105263,0.5,0.42592592592592593,0.4782608695652174
GOOGL,7,14,1,0.0,500,0.5340909090909091,0.5,0.27906976744186046,0.4583333333333333
AAPL,14,3,2,0.0,1000,0.5666666666666667,0.5,0.2978723404255319,0.5357142857142857
GOOGL,3,7,2,0.8,10000,0.5789473684210527,0.5,0.4074074074074074,0.45454545454545453
AMZN,3,7,0,0.2,500,0.5263157894736842,0.5,0.5370370370370371,0.46153846153846156
AMZN,3,7,2,0.0,500,0.5263157894736842,0.5,0.5,0.5961538461538461
MSFT,3,7,0,0.0,500,0.45263157894736844,0.5,0.5,0.5625
MSFT,14,3,2,0.0,10000,0.5444444444444444,0.5,0.3191489361702128,0.5333333333333333
MSFT,14,3,2,0.0,20000,0.5555555555555556,0.5,0.3404255319148936,0.4666666666666667
MSFT,14,3,2,0.2,20000,0.5555555555555556,0.5,0.3191489361702128,0.5
TSLA,3,14,1,0.5,500,0.5555555555555556,0.5,0.40425531914893614,0.35
MSFT,14,3,2,0.8,20000,0.5666666666666667,0.5,0.3404255319148936,0.4666666666666667
MSFT,3,7,2,0.0,500,0.5263157894736842,0.5,0.42592592592592593,0.4166666666666667
MSFT,3,7,2,0.0,1000,0.47368421052631576,0.5,0.4444444444444444,0.4791666666666667
MSFT,3,7,2,0.5,1000,0.5578947368421052,0.5,0.46296296296296297,0.5208333333333334
MSFT,3,7,2,0.0,10000,0.45263157894736844,0.5,0.46296296296296297,0.3958333333333333
MSFT,7,7,2,0.5,1000,0.5161290322580645,0.5,0.38,0.5
AAPL,7,7,2,0.2,20000,0.5268817204301075,0.5,0.3,0.4375
AAPL,7,7,2,0.8,500,0.5591397849462365,0.5,0.34,0.4375
MSFT,7,7,2,0.5,10000,0.5268817204301075,0.5,0.36,0.5294117647058824
AAPL,3,7,2,0.8,20000,0.42105263157894735,0.5,0.37037037037037035,0.4782608695652174
MSFT,7,7,2,0.8,20000,0.5268817204301075,0.5,0.36,0.4411764705882353
MSFT,14,7,2,0.2,500,0.42045454545454547,0.5,0.3488372093023256,0.6363636363636364
MSFT,14,7,2,0.5,1000,0.5113636363636364,0.5,0.37209302325581395,0.6818181818181818
MSFT,14,3,2,0.5,1000,0.5333333333333333,0.5,0.3617021276595745,0.5
MSFT,14,3,2,0.0,1000,0.5333333333333333,0.5,0.2978723404255319,0.5666666666666667
MSFT,14,3,2,0.5,500,0.5444444444444444,0.5,0.3617021276595745,0.5333333333333333
MSFT,7,3,2,0.8,20000,0.5473684210526316,0.5,0.37037037037037035,0.5555555555555556
AMZN,3,7,1,0.2,500,0.5263157894736842,0.5,0.5185185185185185,0.46153846153846156
MSFT,7,7,0,0.0,500,0.5268817204301075,0.5,0.34,0.5588235294117647
MSFT,7,7,0,0.2,500,0.5376344086021505,0.5,0.36,0.5294117647058824
MSFT,3,14,0,0.0,500,0.4222222222222222,0.5,0.46808510638297873,0.525
MSFT,3,14,0,0.2,500,0.5333333333333333,0.5,0.48936170212765956,0.65
MSFT,3,14,0,0.5,500,0.5333333333333333,0.5,0.44680851063829785,0.6
AAPL,7,7,0,0.2,500,0.5053763440860215,0.5,0.4,0.53125
MSFT,14,3,1,0.2,500,0.5555555555555556,0.5,0.40425531914893614,0.5666666666666667
MSFT,7,3,0,0.5,500,0.5473684210526316,0.5,0.35185185185185186,0.5277777777777778
AAPL,7,14,2,0.2,20000,0.5681818181818182,0.5,0.3023255813953488,0.45
AAPL,7,14,2,0.0,10000,0.4659090909090909,0.5,0.3023255813953488,0.4
MSFT,7,14,1,0.5,500,0.5909090909090909,0.5,0.27906976744186046,0.55
AAPL,7,14,2,0.2,500,0.5227272727272727,0.5,0.3953488372093023,0.6
AAPL,14,3,0,0.8,500,0.5666666666666667,0.5,0.3404255319148936,0.5
MSFT,7,3,2,0.2,500,0.5684210526315789,0.5,0.3333333333333333,0.5277777777777778
AAPL,3,14,2,0.8,10000,0.6,0.5,0.6170212765957447,0.47368421052631576
AAPL,3,14,2,0.2,1000,0.5111111111111111,0.5,0.5106382978723404,0.5789473684210527
MSFT,7,3,2,0.8,10000,0.5473684210526316,0.5,0.35185185185185186,0.5277777777777778
MSFT,14,7,1,0.2,500,0.5340909090909091,0.5,0.3023255813953488,0.45454545454545453
MSFT,3,7,0,0.8,500,0.4842105263157895,0.5,0.48148148148148145,0.4583333333333333
TSLA,3,7,1,0.0,500,0.5368421052631579,0.5,0.5555555555555556,0.4782608695652174
AMZN,7,3,2,0.8,10000,0.5473684210526316,0.5,0.46296296296296297,0.56
AMZN,7,3,2,0.2,500,0.5052631578947369,0.5,0.4444444444444444,0.56
AMZN,3,7,2,0.5,1000,0.5473684210526316,0.5,0.5185185185185185,0.5192307692307693
AMZN,3,7,2,0.5,20000,0.5157894736842106,0.5,0.5555555555555556,0.4807692307692308
AMZN,3,14,2,0.8,1000,0.4666666666666667,0.5,0.5106382978723404,0.45652173913043476
AMZN,7,3,2,0.0,500,0.5263157894736842,0.5,0.46296296296296297,0.5
TSLA,3,7,2,0.5,10000,0.5578947368421052,0.5,0.46296296296296297,0.5
AMZN,3,7,2,0.2,10000,0.5368421052631579,0.5,0.48148148148148145,0.5192307692307693
TSLA,3,7,2,0.2,20000,0.5368421052631579,0.5,0.5740740740740741,0.4782608695652174
AMZN,7,14,1,0.5,500,0.6136363636363636,0.5,0.3953488372093023,0.5
MSFT,3,3,2,0.5,1000,0.47959183673469385,0.5116279069767442,0.5,0.54
TSLA,3,3,0,0.8,500,0.5102040816326531,0.5116279069767442,0.5172413793103449,0.5185185185185185
GOOGL,7,3,2,0.8,1000,0.5894736842105263,0.5238095238095238,0.4444444444444444,0.4782608695652174
GOOGL,7,3,2,0.5,10000,0.5894736842105263,0.5238095238095238,0.4444444444444444,0.5652173913043478
GOOGL,7,3,2,0.2,10000,0.5684210526315789,0.5238095238095238,0.37037037037037035,0.5217391304347826
GOOGL,7,3,2,0.0,10000,0.5789473684210527,0.5238095238095238,0.42592592592592593,0.5217391304347826
TSLA,3,7,2,0.8,1000,0.5473684210526316,0.5238095238095238,0.5740740740740741,0.5
GOOGL,7,3,2,0.5,1000,0.5894736842105263,0.5238095238095238,0.4444444444444444,0.5217391304347826
GOOGL,7,3,2,0.8,500,0.5789473684210527,0.5238095238095238,0.46296296296296297,0.5
GOOGL,7,3,2,0.2,500,0.5789473684210527,0.5238095238095238,0.42592592592592593,0.5
GOOGL,7,3,2,0.0,500,0.5789473684210527,0.5238095238095238,0.4074074074074074,0.4782608695652174
GOOGL,7,3,2,0.0,20000,0.5684210526315789,0.5238095238095238,0.4074074074074074,0.4782608695652174
TSLA,3,7,2,0.2,1000,0.5473684210526316,0.5238095238095238,0.5555555555555556,0.5
TSLA,3,7,2,0.5,500,0.5473684210526316,0.5238095238095238,0.5740740740740741,0.5434782608695652
TSLA,3,7,2,0.2,500,0.5368421052631579,0.5238095238095238,0.5925925925925926,0.4782608695652174
TSLA,3,7,2,0.0,500,0.5157894736842106,0.5238095238095238,0.5370370370370371,0.5217391304347826
GOOGL,7,3,2,0.0,1000,0.5789473684210527,0.5238095238095238,0.4444444444444444,0.45652173913043476
GOOGL,7,3,2,0.2,20000,0.5684210526315789,0.5238095238095238,0.4074074074074074,0.5
AMZN,3,7,2,0.8,1000,0.5368421052631579,0.5238095238095238,0.5370370370370371,0.5192307692307693
MSFT,3,7,1,0.0,500,0.5473684210526316,0.5238095238095238,0.4074074074074074,0.4375
TSLA,3,7,1,0.5,500,0.5578947368421052,0.5238095238095238,0.5740740740740741,0.5
TSLA,3,7,1,0.2,500,0.5578947368421052,0.5238095238095238,0.5370370370370371,0.5
MSFT,7,3,0,0.2,500,0.5578947368421052,0.5238095238095238,0.35185185185185186,0.5277777777777778
GOOGL,3,7,2,0.8,20000,0.5894736842105263,0.5238095238095238,0.37037037037037035,0.5227272727272727
GOOGL,3,7,2,0.5,20000,0.5894736842105263,0.5238095238095238,0.4074074074074074,0.45454545454545453
GOOGL,3,7,2,0.2,20000,0.5894736842105263,0.5238095238095238,0.4074074074074074,0.5227272727272727
GOOGL,3,7,2,0.0,20000,0.6,0.5238095238095238,0.3888888888888889,0.4772727272727273
GOOGL,3,7,2,0.5,10000,0.5894736842105263,0.5238095238095238,0.3888888888888889,0.5
GOOGL,7,3,2,0.5,20000,0.5789473684210527,0.5238095238095238,0.4074074074074074,0.5
GOOGL,3,7,2,0.2,10000,0.5894736842105263,0.5238095238095238,0.4444444444444444,0.5
GOOGL,3,7,2,0.8,1000,0.5894736842105263,0.5238095238095238,0.3888888888888889,0.5227272727272727
GOOGL,3,7,2,0.5,1000,0.5894736842105263,0.5238095238095238,0.4444444444444444,0.5
GOOGL,3,7,2,0.2,1000,0.5894736842105263,0.5238095238095238,0.35185185185185186,0.45454545454545453
GOOGL,3,7,2,0.0,1000,0.5894736842105263,0.5238095238095238,0.4444444444444444,0.5
GOOGL,3,7,2,0.2,500,0.5894736842105263,0.5238095238095238,0.48148148148148145,0.45454545454545453
GOOGL,3,7,2,0.0,500,0.5894736842105263,0.5238095238095238,0.4074074074074074,0.5
TSLA,3,7,2,0.5,20000,0.5157894736842106,0.5238095238095238,0.5555555555555556,0.5217391304347826
GOOGL,3,7,1,0.5,500,0.5894736842105263,0.5238095238095238,0.4444444444444444,0.4772727272727273
GOOGL,3,7,2,0.0,10000,0.5894736842105263,0.5238095238095238,0.48148148148148145,0.5227272727272727
GOOGL,3,7,1,0.2,500,0.5894736842105263,0.5238095238095238,0.4074074074074074,0.5227272727272727
AMZN,3,7,0,0.8,500,0.5684210526315789,0.5238095238095238,0.48148148148148145,0.46153846153846156
TSLA,3,7,0,0.8,500,0.5368421052631579,0.5238095238095238,0.5740740740740741,0.4782608695652174
TSLA,3,7,0,0.0,500,0.5263157894736842,0.5238095238095238,0.5740740740740741,0.4782608695652174
GOOGL,7,3,0,0.0,500,0.5789473684210527,0.5238095238095238,0.4074074074074074,0.5
MSFT,3,7,2,0.2,1000,0.5052631578947369,0.5238095238095238,0.4444444444444444,0.6041666666666666
GOOGL,7,3,1,0.0,500,0.5789473684210527,0.5238095238095238,0.42592592592592593,0.5
GOOGL,3,7,0,0.8,500,0.5894736842105263,0.5238095238095238,0.4074074074074074,0.5
GOOGL,3,7,0,0.5,500,0.5789473684210527,0.5238095238095238,0.4074074074074074,0.4772727272727273
GOOGL,3,7,0,0.2,500,0.5894736842105263,0.5238095238095238,0.4444444444444444,0.5227272727272727
MSFT,3,7,2,0.5,20000,0.5473684210526316,0.5238095238095238,0.5,0.4791666666666667
MSFT,3,7,2,0.2,500,0.4421052631578947,0.5238095238095238,0.4444444444444444,0.6458333333333334
GOOGL,3,7,0,0.0,500,0.5894736842105263,0.5238095238095238,0.42592592592592593,0.5227272727272727
GOOGL,7,3,1,0.2,500,0.5789473684210527,0.5238095238095238,0.4074074074074074,0.45652173913043476
GOOGL,7,3,1,0.5,500,0.5789473684210527,0.5238095238095238,0.42592592592592593,0.4782608695652174
MSFT,7,3,2,0.2,20000,0.6526315789473685,0.5238095238095238,0.3888888888888889,0.4722222222222222
GOOGL,7,3,0,0.5,500,0.5789473684210527,0.5238095238095238,0.42592592592592593,0.5
TSLA,3,7,0,0.2,500,0.5578947368421052,0.5238095238095238,0.5370370370370371,0.5
GOOGL,7,3,0,0.2,500,0.5789473684210527,0.5238095238095238,0.42592592592592593,0.5217391304347826
GOOGL,7,3,0,0.8,500,0.5894736842105263,0.5238095238095238,0.42592592592592593,0.5
MSFT,3,7,2,0.8,10000,0.4842105263157895,0.5238095238095238,0.3888888888888889,0.5
AMZN,3,14,1,0.8,500,0.5333333333333333,0.525,0.5106382978723404,0.5217391304347826
AMZN,3,14,2,0.5,1000,0.4888888888888889,0.525,0.40425531914893614,0.5
AAPL,14,3,2,0.2,500,0.5777777777777777,0.525,0.2978723404255319,0.5714285714285714
MSFT,14,3,2,0.2,1000,0.5666666666666667,0.525,0.3617021276595745,0.5666666666666667
GOOGL,3,14,0,0.5,500,0.5,0.525,0.3617021276595745,0.4411764705882353
MSFT,3,14,2,0.2,10000,0.5444444444444444,0.525,0.46808510638297873,0.425
AAPL,14,3,2,0.8,500,0.5777777777777777,0.525,0.3191489361702128,0.5714285714285714
AAPL,14,3,2,0.2,20000,0.5777777777777777,0.525,0.2978723404255319,0.5
GOOGL,3,14,2,0.0,20000,0.5222222222222223,0.525,0.425531914893617,0.5588235294117647
AAPL,14,3,1,0.8,500,0.5666666666666667,0.525,0.2978723404255319,0.5
MSFT,3,14,2,0.2,1000,0.4777777777777778,0.525,0.48936170212765956,0.525
MSFT,3,14,2,0.0,1000,0.37777777777777777,0.525,0.574468085106383,0.55
AAPL,14,3,1,0.5,500,0.6,0.525,0.3191489361702128,0.4642857142857143
TSLA,3,14,2,0.5,10000,0.43333333333333335,0.525,0.48936170212765956,0.375
TSLA,3,14,2,0.5,20000,0.5555555555555556,0.525,0.46808510638297873,0.425
AAPL,14,3,1,0.0,500,0.5666666666666667,0.525,0.2553191489361702,0.5357142857142857
MSFT,7,7,2,0.2,500,0.5483870967741935,0.525,0.32,0.5294117647058824
AMZN,3,14,2,0.2,1000,0.5666666666666667,0.525,0.48936170212765956,0.5652173913043478
AAPL,7,7,1,0.5,500,0.5053763440860215,0.525,0.4,0.5625
AAPL,14,3,2,0.0,500,0.5555555555555556,0.525,0.3404255319148936,0.5
MSFT,3,14,2,0.5,500,0.4888888888888889,0.525,0.574468085106383,0.625
AAPL,14,3,2,0.0,20000,0.5666666666666667,0.525,0.3191489361702128,0.5
AAPL,14,3,1,0.2,500,0.5555555555555556,0.525,0.3617021276595745,0.4642857142857143
AAPL,14,3,2,0.5,500,0.5777777777777777,0.525,0.3191489361702128,0.5
AAPL,14,3,0,0.0,500,0.5777777777777777,0.525,0.2978723404255319,0.5
AAPL,3,14,2,0.2,500,0.5555555555555556,0.525,0.5531914893617021,0.5263157894736842
AAPL,14,3,2,0.8,20000,0.5555555555555556,0.525,0.3191489361702128,0.5357142857142857
AAPL,14,3,0,0.2,500,0.5777777777777777,0.525,0.2978723404255319,0.5
AAPL,14,3,0,0.5,500,0.5777777777777777,0.525,0.2978723404255319,0.5
TSLA,3,14,2,0.5,1000,0.4666666666666667,0.525,0.5531914893617021,0.475
AAPL,3,14,0,0.8,500,0.5444444444444444,0.525,0.46808510638297873,0.42105263157894735
AAPL,14,3,2,0.5,20000,0.5666666666666667,0.525,0.2765957446808511,0.5357142857142857
MSFT,14,3,2,0.2,500,0.5,0.525,0.2978723404255319,0.4666666666666667
MSFT,7,7,2,0.5,20000,0.46236559139784944,0.525,0.28,0.47058823529411764
AAPL,14,3,2,0.2,1000,0.5777777777777777,0.525,0.2978723404255319,0.4642857142857143
AAPL,7,7,2,0.5,500,0.5376344086021505,0.525,0.42,0.5
MSFT,7,7,2,0.8,500,0.4946236559139785,0.525,0.38,0.6176470588235294
AMZN,3,14,2,0.8,10000,0.5111111111111111,0.525,0.5531914893617021,0.5217391304347826
MSFT,3,14,1,0.8,500,0.43333333333333335,0.525,0.48936170212765956,0.575
MSFT,3,14,2,0.5,10000,0.4888888888888889,0.525,0.44680851063829785,0.3
AAPL,7,7,0,0.0,500,0.5591397849462365,0.525,0.3,0.46875
AAPL,14,3,2,0.5,1000,0.5666666666666667,0.525,0.2978723404255319,0.4642857142857143
MSFT,3,14,1,0.0,500,0.5111111111111111,0.525,0.48936170212765956,0.625
AAPL,14,3,2,0.8,1000,0.5777777777777777,0.525,0.2765957446808511,0.5
MSFT,14,7,2,0.8,500,0.5454545454545454,0.5263157894736842,0.3488372093023256,0.45454545454545453
GOOGL,7,14,2,0.0,10000,0.5454545454545454,0.5263157894736842,0.2558139534883721,0.5
GOOGL,7,14,2,0.5,20000,0.5454545454545454,0.5263157894736842,0.27906976744186046,0.5
GOOGL,7,14,2,0.8,10000,0.4772727272727273,0.5263157894736842,0.3023255813953488,0.625
GOOGL,7,14,2,0.8,20000,0.5681818181818182,0.5263157894736842,0.32558139534883723,0.5
GOOGL,7,14,0,0.0,500,0.5681818181818182,0.5263157894736842,0.3023255813953488,0.5833333333333334
AAPL,7,14,1,0.5,500,0.5454545454545454,0.5263157894736842,0.23255813953488372,0.5
MSFT,14,7,2,0.0,500,0.5340909090909091,0.5263157894736842,0.4418604651162791,0.45454545454545453
GOOGL,7,14,2,0.0,500,0.5340909090909091,0.5263157894736842,0.3023255813953488,0.5416666666666666
GOOGL,7,14,1,0.8,500,0.5454545454545454,0.5263157894736842,0.32558139534883723,0.4583333333333333
GOOGL,7,14,2,0.0,20000,0.5227272727272727,0.5263157894736842,0.3023255813953488,0.5
AAPL,7,14,0,0.5,500,0.5681818181818182,0.5263157894736842,0.27906976744186046,0.5
MSFT,14,7,0,0.5,500,0.5454545454545454,0.5263157894736842,0.3023255813953488,0.5
AAPL,7,14,2,0.8,10000,0.5795454545454546,0.5263157894736842,0.2558139534883721,0.6
MSFT,3,3,0,0.0,500,0.40816326530612246,0.5348837209302325,0.5,0.42
MSFT,3,3,2,0.2,10000,0.5714285714285714,0.5348837209302325,0.603448275862069,0.52
MSFT,3,3,1,0.8,500,0.5204081632653061,0.5348837209302325,0.603448275862069,0.54
MSFT,3,3,2,0.8,500,0.47959183673469385,0.5348837209302325,0.46551724137931033,0.56
MSFT,3,3,0,0.8,500,0.4897959183673469,0.5348837209302325,0.39655172413793105,0.52
TSLA,3,3,0,0.2,500,0.5,0.5348837209302325,0.46551724137931033,0.5370370370370371
GOOGL,3,7,2,0.5,500,0.5894736842105263,0.5476190476190477,0.4074074074074074,0.5
TSLA,3,7,2,0.5,1000,0.5157894736842106,0.5476190476190477,0.5370370370370371,0.5434782608695652
TSLA,3,7,2,0.8,20000,0.5157894736842106,0.5476190476190477,0.5555555555555556,0.4782608695652174
MSFT,3,7,2,0.2,10000,0.5368421052631579,0.5476190476190477,0.3888888888888889,0.6041666666666666
MSFT,7,3,2,0.2,1000,0.5473684210526316,0.5476190476190477,0.37037037037037035,0.5277777777777778
MSFT,3,7,2,0.2,20000,0.5473684210526316,0.5476190476190477,0.48148148148148145,0.4583333333333333
AAPL,3,7,0,0.0,500,0.5052631578947369,0.5476190476190477,0.4444444444444444,0.45652173913043476
GOOGL,7,3,2,0.8,20000,0.5894736842105263,0.5476190476190477,0.4444444444444444,0.4782608695652174
TSLA,7,3,2,0.8,500,0.6,0.5476190476190477,0.6296296296296297,0.475
GOOGL,7,3,2,0.8,10000,0.5789473684210527,0.5476190476190477,0.42592592592592593,0.5217391304347826
TSLA,3,7,2,0.0,1000,0.5052631578947369,0.5476190476190477,0.5555555555555556,0.45652173913043476
TSLA,3,7,2,0.0,10000,0.5157894736842106,0.5476190476190477,0.5370370370370371,0.4782608695652174
MSFT,3,14,2,0.2,500,0.4666666666666667,0.55,0.46808510638297873,0.6
AMZN,3,14,2,0.5,10000,0.5333333333333333,0.55,0.44680851063829785,0.5434782608695652
GOOGL,3,14,2,0.8,10000,0.5222222222222223,0.55,0.48936170212765956,0.47058823529411764
AMZN,3,14,2,0.0,20000,0.5333333333333333,0.55,0.3829787234042553,0.41304347826086957
MSFT,3,14,2,0.8,10000,0.4888888888888889,0.55,0.5319148936170213,0.475
GOOGL,3,14,2,0.2,500,0.5,0.55,0.425531914893617,0.47058823529411764
GOOGL,3,14,2,0.0,1000,0.5444444444444444,0.55,0.2978723404255319,0.4117647058823529
MSFT,3,14,2,0.0,10000,0.43333333333333335,0.55,0.425531914893617,0.475
AAPL,14,3,2,0.0,10000,0.5666666666666667,0.55,0.2978723404255319,0.5
GOOGL,3,14,2,0.5,20000,0.5666666666666667,0.55,0.40425531914893614,0.5294117647058824
AMZN,3,14,2,0.0,1000,0.43333333333333335,0.55,0.574468085106383,0.43478260869565216
AAPL,3,14,2,0.8,1000,0.4777777777777778,0.55,0.5957446808510638,0.5263157894736842
AAPL,3,14,2,0.5,500,0.5111111111111111,0.55,0.46808510638297873,0.4473684210526316
AAPL,3,14,2,0.0,500,0.5555555555555556,0.55,0.5957446808510638,0.5526315789473685
AMZN,3,14,1,0.0,500,0.5,0.55,0.574468085106383,0.5217391304347826
TSLA,3,14,2,0.8,500,0.45555555555555555,0.55,0.5531914893617021,0.525
GOOGL,3,14,1,0.5,500,0.5555555555555556,0.55,0.3617021276595745,0.47058823529411764
TSLA,3,14,1,0.2,500,0.5666666666666667,0.55,0.5106382978723404,0.525
TSLA,3,14,0,0.5,500,0.45555555555555555,0.55,0.46808510638297873,0.55
AMZN,3,14,2,0.0,500,0.5333333333333333,0.55,0.46808510638297873,0.43478260869565216
AAPL,14,3,2,0.5,10000,0.5555555555555556,0.55,0.2978723404255319,0.5
GOOGL,3,14,0,0.8,500,0.5111111111111111,0.55,0.44680851063829785,0.5588235294117647
AAPL,14,7,2,0.5,1000,0.5340909090909091,0.5526315789473685,0.37209302325581395,0.5
GOOGL,7,14,2,0.2,20000,0.5568181818181818,0.5526315789473685,0.3023255813953488,0.5416666666666666
AAPL,14,7,2,0.8,10000,0.5795454545454546,0.5526315789473685,0.3023255813953488,0.5
AAPL,14,7,2,0.8,500,0.5454545454545454,0.5526315789473685,0.32558139534883723,0.45
AAPL,14,7,2,0.2,500,0.5340909090909091,0.5526315789473685,0.27906976744186046,0.5
AAPL,7,14,2,0.0,500,0.5568181818181818,0.5526315789473685,0.23255813953488372,0.5
AAPL,7,14,2,0.5,500,0.5568181818181818,0.5526315789473685,0.27906976744186046,0.45
MSFT,14,7,2,0.2,10000,0.5454545454545454,0.5526315789473685,0.27906976744186046,0.5
AAPL,7,14,2,0.8,500,0.5568181818181818,0.5526315789473685,0.2558139534883721,0.5
AAPL,7,14,2,0.0,1000,0.5681818181818182,0.5526315789473685,0.23255813953488372,0.5
AAPL,7,14,2,0.2,1000,0.5681818181818182,0.5526315789473685,0.2558139534883721,0.45
AAPL,7,14,2,0.5,1000,0.5454545454545454,0.5526315789473685,0.23255813953488372,0.5
AAPL,7,14,2,0.8,1000,0.5568181818181818,0.5526315789473685,0.2558139534883721,0.55
MSFT,14,7,1,0.5,500,0.5454545454545454,0.5526315789473685,0.32558139534883723,0.4090909090909091
MSFT,14,7,1,0.0,500,0.5681818181818182,0.5526315789473685,0.3023255813953488,0.4090909090909091
AAPL,7,14,2,0.2,10000,0.5568181818181818,0.5526315789473685,0.27906976744186046,0.5
AAPL,7,14,2,0.5,20000,0.5454545454545454,0.5526315789473685,0.2558139534883721,0.45
AAPL,7,14,2,0.8,20000,0.5568181818181818,0.5526315789473685,0.23255813953488372,0.5
MSFT,14,7,2,0.0,20000,0.5113636363636364,0.5526315789473685,0.27906976744186046,0.4090909090909091
MSFT,14,7,0,0.8,500,0.5227272727272727,0.5526315789473685,0.2558139534883721,0.5
MSFT,14,7,2,0.2,20000,0.5909090909090909,0.5526315789473685,0.3488372093023256,0.45454545454545453
MSFT,14,7,2,0.5,20000,0.5340909090909091,0.5526315789473685,0.3488372093023256,0.45454545454545453
GOOGL,7,14,2,0.8,1000,0.5340909090909091,0.5526315789473685,0.3023255813953488,0.5
GOOGL,7,14,2,0.8,500,0.5227272727272727,0.5526315789473685,0.2558139534883721,0.5416666666666666
GOOGL,7,14,2,0.2,1000,0.5454545454545454,0.5526315789473685,0.32558139534883723,0.5416666666666666
MSFT,14,7,2,0.5,500,0.5340909090909091,0.5526315789473685,0.27906976744186046,0.5
GOOGL,7,14,2,0.5,1000,0.5568181818181818,0.5526315789473685,0.2558139534883721,0.5
MSFT,14,7,2,0.0,1000,0.5227272727272727,0.5526315789473685,0.3488372093023256,0.5
MSFT,14,7,2,0.2,1000,0.5568181818181818,0.5526315789473685,0.32558139534883723,0.5
AAPL,7,14,0,0.8,500,0.5681818181818182,0.5526315789473685,0.23255813953488372,0.4
AAPL,7,14,0,0.0,500,0.5681818181818182,0.5526315789473685,0.23255813953488372,0.55
GOOGL,7,14,1,0.5,500,0.5454545454545454,0.5526315789473685,0.27906976744186046,0.5
GOOGL,7,14,2,0.2,500,0.5681818181818182,0.5526315789473685,0.32558139534883723,0.5833333333333334
GOOGL,7,14,2,0.5,500,0.5340909090909091,0.5526315789473685,0.32558139534883723,0.4583333333333333
GOOGL,7,14,0,0.8,500,0.5454545454545454,0.5526315789473685,0.27906976744186046,0.5
GOOGL,7,14,0,0.2,500,0.5454545454545454,0.5526315789473685,0.3023255813953488,0.625
MSFT,14,14,2,0.0,20000,0.5542168674698795,0.5555555555555556,0.1111111111111111,0.5
MSFT,14,14,1,0.5,500,0.5301204819277109,0.5555555555555556,0.19444444444444445,0.5
MSFT,14,14,2,0.5,10000,0.5783132530120482,0.5555555555555556,0.16666666666666666,0.5
MSFT,3,3,2,0.5,500,0.42857142857142855,0.5581395348837209,0.5344827586206896,0.56
TSLA,7,3,2,0.5,10000,0.6,0.5714285714285714,0.6296296296296297,0.5
TSLA,7,3,2,0.2,20000,0.6,0.5714285714285714,0.5925925925925926,0.5
TSLA,7,3,2,0.5,20000,0.6,0.5714285714285714,0.6111111111111112,0.525
TSLA,7,3,2,0.8,1000,0.6105263157894737,0.5714285714285714,0.6481481481481481,0.475
TSLA,7,3,2,0.5,1000,0.6,0.5714285714285714,0.6111111111111112,0.5
TSLA,7,3,2,0.2,1000,0.5894736842105263,0.5714285714285714,0.6111111111111112,0.525
TSLA,7,3,2,0.0,1000,0.5894736842105263,0.5714285714285714,0.6111111111111112,0.475
TSLA,7,3,2,0.8,10000,0.6,0.5714285714285714,0.6111111111111112,0.525
TSLA,7,3,2,0.0,20000,0.6,0.5714285714285714,0.5925925925925926,0.525
TSLA,7,3,2,0.0,500,0.6,0.5714285714285714,0.6481481481481481,0.525
TSLA,7,3,0,0.0,500,0.6,0.5714285714285714,0.6111111111111112,0.525
TSLA,7,3,2,0.2,500,0.6,0.5714285714285714,0.6111111111111112,0.55
TSLA,3,7,0,0.5,500,0.5894736842105263,0.5714285714285714,0.5185185185185185,0.4782608695652174
TSLA,7,3,1,0.0,500,0.6,0.5714285714285714,0.6296296296296297,0.525
TSLA,7,3,0,0.8,500,0.6,0.5714285714285714,0.6296296296296297,0.5
TSLA,7,3,0,0.5,500,0.6,0.5714285714285714,0.6296296296296297,0.5
TSLA,7,3,0,0.2,500,0.6,0.5714285714285714,0.6296296296296297,0.5
TSLA,7,3,1,0.2,500,0.6,0.5714285714285714,0.6296296296296297,0.475
AMZN,3,7,2,0.2,1000,0.5263157894736842,0.5714285714285714,0.5370370370370371,0.4807692307692308
AMZN,7,3,1,0.0,500,0.5473684210526316,0.5714285714285714,0.46296296296296297,0.62
GOOGL,3,14,0,0.0,500,0.5777777777777777,0.575,0.3829787234042553,0.47058823529411764
GOOGL,3,14,1,0.2,500,0.5222222222222223,0.575,0.425531914893617,0.5882352941176471
TSLA,3,14,0,0.8,500,0.5333333333333333,0.575,0.6170212765957447,0.6
TSLA,7,7,2,0.8,500,0.5913978494623656,0.575,0.66,0.5
TSLA,3,14,2,0.8,1000,0.5555555555555556,0.575,0.46808510638297873,0.5
GOOGL,3,14,1,0.8,500,0.5,0.575,0.44680851063829785,0.5
TSLA,3,14,1,0.0,500,0.5888888888888889,0.575,0.574468085106383,0.475
TSLA,3,14,2,0.5,500,0.4111111111111111,0.575,0.6170212765957447,0.425
MSFT,3,14,1,0.5,500,0.5,0.575,0.40425531914893614,0.425
TSLA,3,14,2,0.2,10000,0.5555555555555556,0.575,0.574468085106383,0.425
AMZN,3,14,2,0.8,20000,0.5333333333333333,0.575,0.425531914893617,0.45652173913043476
AMZN,3,14,2,0.8,500,0.5666666666666667,0.575,0.46808510638297873,0.4782608695652174
GOOGL,3,14,2,0.5,500,0.5222222222222223,0.575,0.3617021276595745,0.47058823529411764
GOOGL,3,14,2,0.5,1000,0.5222222222222223,0.575,0.3617021276595745,0.47058823529411764
AAPL,14,7,2,0.2,20000,0.5568181818181818,0.5789473684210527,0.23255813953488372,0.5
AAPL,14,7,2,0.8,20000,0.5681818181818182,0.5789473684210527,0.23255813953488372,0.4
AAPL,14,7,2,0.8,1000,0.5795454545454546,0.5789473684210527,0.2558139534883721,0.5
GOOGL,7,14,2,0.5,10000,0.48863636363636365,0.5789473684210527,0.3488372093023256,0.4583333333333333
AAPL,7,14,2,0.5,10000,0.5681818181818182,0.5789473684210527,0.32558139534883723,0.4
AAPL,14,7,2,0.2,1000,0.5681818181818182,0.5789473684210527,0.23255813953488372,0.45
AAPL,14,7,1,0.0,500,0.5340909090909091,0.5789473684210527,0.27906976744186046,0.4
GOOGL,7,14,1,0.2,500,0.5454545454545454,0.5789473684210527,0.27906976744186046,0.5416666666666666
MSFT,14,7,0,0.2,500,0.5340909090909091,0.5789473684210527,0.32558139534883723,0.5909090909090909
AAPL,14,7,2,0.0,1000,0.5568181818181818,0.5789473684210527,0.2558139534883721,0.5
AAPL,3,3,2,0.0,10000,0.47959183673469385,0.5813953488372093,0.5862068965517241,0.5192307692307693
MSFT,3,3,2,0.8,1000,0.5204081632653061,0.5813953488372093,0.5862068965517241,0.48
MSFT,14,14,2,0.2,1000,0.5662650602409639,0.5833333333333334,0.16666666666666666,0.625
MSFT,14,14,2,0.5,500,0.5421686746987951,0.5833333333333334,0.1388888888888889,0.625
MSFT,14,14,2,0.0,500,0.5542168674698795,0.5833333333333334,0.16666666666666666,0.5
MSFT,14,14,2,0.0,10000,0.5662650602409639,0.5833333333333334,0.08333333333333333,0.5
AAPL,14,14,2,0.8,10000,0.6144578313253012,0.5833333333333334,0.16666666666666666,0.375
MSFT,14,14,2,0.8,10000,0.5542168674698795,0.5833333333333334,0.1388888888888889,0.5
MSFT,14,14,0,0.0,500,0.5301204819277109,0.5833333333333334,0.16666666666666666,0.25
AAPL,3,7,2,0.0,10000,0.4421052631578947,0.5952380952380952,0.6296296296296297,0.4782608695652174
MSFT,3,7,2,0.5,10000,0.5263157894736842,0.5952380952380952,0.4074074074074074,0.5
TSLA,7,3,2,0.5,500,0.5894736842105263,0.5952380952380952,0.6296296296296297,0.525
TSLA,7,3,2,0.8,20000,0.6105263157894737,0.5952380952380952,0.6111111111111112,0.55
TSLA,7,3,1,0.5,500,0.6,0.5952380952380952,0.6111111111111112,0.5
MSFT,3,7,1,0.5,500,0.5578947368421052,0.5952380952380952,0.48148148148148145,0.5208333333333334
TSLA,7,3,2,0.2,10000,0.6,0.5952380952380952,0.6296296296296297,0.55
TSLA,3,7,2,0.8,10000,0.5789473684210527,0.5952380952380952,0.5555555555555556,0.41304347826086957
TSLA,7,3,1,0.8,500,0.5894736842105263,0.5952380952380952,0.6481481481481481,0.475
MSFT,3,14,2,0.5,1000,0.4444444444444444,0.6,0.574468085106383,0.475
GOOGL,3,14,1,0.0,500,0.5222222222222223,0.6,0.2553191489361702,0.4411764705882353
TSLA,7,7,2,0.2,10000,0.5913978494623656,0.6,0.66,0.46875
TSLA,7,7,1,0.8,500,0.5806451612903226,0.6,0.7,0.5
TSLA,7,7,2,0.8,1000,0.5913978494623656,0.6,0.64,0.46875
TSLA,7,7,2,0.5,1000,0.5806451612903226,0.6,0.64,0.5
GOOGL,3,14,2,0.0,500,0.5333333333333333,0.6,0.3617021276595745,0.47058823529411764
TSLA,7,7,1,0.5,500,0.5913978494623656,0.6,0.64,0.53125
TSLA,7,7,2,0.5,20000,0.6021505376344086,0.6,0.66,0.4375
TSLA,7,7,2,0.8,10000,0.6129032258064516,0.6,0.66,0.5625
TSLA,7,7,2,0.2,20000,0.5913978494623656,0.6,0.66,0.46875
TSLA,3,14,2,0.0,20000,0.4111111111111111,0.6,0.6170212765957447,0.4
TSLA,7,7,0,0.8,500,0.5913978494623656,0.6,0.64,0.53125
TSLA,7,7,2,0.0,20000,0.6021505376344086,0.6,0.68,0.5
TSLA,7,7,0,0.0,500,0.5913978494623656,0.6,0.68,0.5
TSLA,7,7,0,0.2,500,0.5913978494623656,0.6,0.68,0.5
TSLA,7,7,0,0.5,500,0.5806451612903226,0.6,0.68,0.46875
GOOGL,3,14,2,0.8,1000,0.5111111111111111,0.6,0.3404255319148936,0.5
GOOGL,3,14,2,0.2,10000,0.5222222222222223,0.6,0.3829787234042553,0.4411764705882353
GOOGL,3,14,2,0.2,20000,0.5222222222222223,0.6,0.3829787234042553,0.5294117647058824
TSLA,7,7,2,0.8,20000,0.5913978494623656,0.6,0.68,0.5
TSLA,7,7,2,0.5,10000,0.5913978494623656,0.6,0.68,0.5
TSLA,3,14,0,0.0,500,0.5,0.6,0.574468085106383,0.6
TSLA,7,7,2,0.0,10000,0.5913978494623656,0.6,0.62,0.53125
TSLA,7,7,2,0.0,1000,0.5913978494623656,0.6,0.66,0.53125
TSLA,7,7,1,0.2,500,0.5806451612903226,0.6,0.64,0.5
TSLA,7,7,1,0.0,500,0.5806451612903226,0.6,0.68,0.5
TSLA,3,14,2,0.8,10000,0.4666666666666667,0.6,0.5531914893617021,0.5
TSLA,7,7,2,0.2,1000,0.5913978494623656,0.6,0.62,0.625
TSLA,7,7,2,0.0,500,0.5913978494623656,0.6,0.66,0.53125
TSLA,7,7,2,0.5,500,0.5913978494623656,0.6,0.7,0.53125
MSFT,3,3,2,0.0,20000,0.5102040816326531,0.6046511627906976,0.5517241379310345,0.52
MSFT,3,3,1,0.5,500,0.4489795918367347,0.6046511627906976,0.43103448275862066,0.44
GOOGL,3,3,1,0.0,500,0.5408163265306123,0.6046511627906976,0.4482758620689655,0.4807692307692308
GOOGL,3,3,0,0.2,500,0.5,0.6046511627906976,0.4482758620689655,0.5
MSFT,3,3,2,0.0,500,0.5714285714285714,0.6046511627906976,0.5862068965517241,0.5
TSLA,7,14,0,0.0,500,0.6363636363636364,0.6052631578947368,0.7209302325581395,0.5
GOOGL,7,14,2,0.0,1000,0.5340909090909091,0.6052631578947368,0.4186046511627907,0.375
AAPL,14,7,0,0.2,500,0.5568181818181818,0.6052631578947368,0.23255813953488372,0.5
AAPL,14,7,2,0.0,500,0.5795454545454546,0.6052631578947368,0.20930232558139536,0.5
AAPL,14,7,2,0.0,10000,0.5795454545454546,0.6052631578947368,0.23255813953488372,0.5
AAPL,14,7,1,0.8,500,0.5568181818181818,0.6052631578947368,0.23255813953488372,0.5
AAPL,14,7,0,0.5,500,0.5681818181818182,0.6052631578947368,0.23255813953488372,0.5
AAPL,7,14,1,0.0,500,0.5227272727272727,0.6052631578947368,0.3023255813953488,0.5
AAPL,14,7,1,0.5,500,0.5681818181818182,0.6052631578947368,0.23255813953488372,0.45
AAPL,14,7,1,0.2,500,0.5681818181818182,0.6052631578947368,0.2558139534883721,0.5
TSLA,7,14,0,0.2,500,0.6136363636363636,0.6052631578947368,0.7209302325581395,0.4583333333333333
AAPL,14,7,2,0.5,20000,0.5568181818181818,0.6052631578947368,0.18604651162790697,0.5
AAPL,14,7,2,0.5,500,0.5454545454545454,0.6052631578947368,0.23255813953488372,0.5
TSLA,7,14,2,0.2,500,0.625,0.6052631578947368,0.7441860465116279,0.5416666666666666
MSFT,14,7,2,0.8,20000,0.5795454545454546,0.6052631578947368,0.27906976744186046,0.45454545454545453
AAPL,14,7,0,0.8,500,0.5795454545454546,0.6052631578947368,0.23255813953488372,0.6
AAPL,14,7,0,0.0,500,0.5681818181818182,0.6052631578947368,0.2558139534883721,0.5
AAPL,7,14,1,0.8,500,0.5227272727272727,0.6052631578947368,0.27906976744186046,0.6
AAPL,14,7,2,0.0,20000,0.5454545454545454,0.6052631578947368,0.20930232558139536,0.55
MSFT,14,14,2,0.5,1000,0.5421686746987951,0.6111111111111112,0.1111111111111111,0.5
MSFT,14,14,0,0.2,500,0.5421686746987951,0.6111111111111112,0.1388888888888889,0.375
AAPL,14,14,2,0.5,1000,0.6024096385542169,0.6111111111111112,0.1111111111111111,0.5
AAPL,14,14,2,0.8,1000,0.6144578313253012,0.6111111111111112,0.1111111111111111,0.5
AAPL,14,14,2,0.0,10000,0.6024096385542169,0.6111111111111112,0.1111111111111111,0.5
AAPL,14,14,0,0.2,500,0.6144578313253012,0.6111111111111112,0.1111111111111111,0.5
MSFT,14,14,1,0.8,500,0.5783132530120482,0.6111111111111112,0.2222222222222222,0.5
AAPL,14,14,1,0.8,500,0.6265060240963856,0.6111111111111112,0.1111111111111111,0.5
AAPL,14,14,1,0.0,500,0.6144578313253012,0.6111111111111112,0.1111111111111111,0.375
AAPL,14,14,2,0.2,10000,0.6144578313253012,0.6111111111111112,0.1111111111111111,0.5
AAPL,14,14,2,0.5,20000,0.6144578313253012,0.6111111111111112,0.1111111111111111,0.625
AAPL,14,14,2,0.5,10000,0.6144578313253012,0.6111111111111112,0.1111111111111111,0.5
MSFT,14,14,2,0.5,20000,0.5542168674698795,0.6111111111111112,0.2222222222222222,0.625
MSFT,14,14,2,0.2,20000,0.5421686746987951,0.6111111111111112,0.1388888888888889,0.5
AAPL,14,14,0,0.5,500,0.6144578313253012,0.6111111111111112,0.1111111111111111,0.5
MSFT,14,14,2,0.8,20000,0.5662650602409639,0.6111111111111112,0.2777777777777778,0.5
MSFT,14,14,2,0.0,1000,0.5421686746987951,0.6111111111111112,0.16666666666666666,0.5
AAPL,14,14,0,0.0,500,0.6144578313253012,0.6111111111111112,0.1111111111111111,0.5
AAPL,14,14,2,0.8,20000,0.6024096385542169,0.6111111111111112,0.1388888888888889,0.5
AAPL,14,14,2,0.8,500,0.6144578313253012,0.6111111111111112,0.16666666666666666,0.5
AAPL,14,14,2,0.2,20000,0.6024096385542169,0.6111111111111112,0.1111111111111111,0.5
MSFT,14,14,2,0.8,1000,0.5662650602409639,0.6111111111111112,0.1111111111111111,0.5
AAPL,14,14,1,0.2,500,0.6144578313253012,0.6111111111111112,0.19444444444444445,0.375
AAPL,14,14,2,0.0,20000,0.6144578313253012,0.6111111111111112,0.08333333333333333,0.5
AAPL,14,14,2,0.5,500,0.6144578313253012,0.6111111111111112,0.1111111111111111,0.375
AAPL,14,14,1,0.5,500,0.6024096385542169,0.6111111111111112,0.16666666666666666,0.5
AAPL,14,14,2,0.0,1000,0.6265060240963856,0.6111111111111112,0.1111111111111111,0.5
MSFT,14,14,2,0.2,10000,0.6024096385542169,0.6111111111111112,0.1388888888888889,0.5
AAPL,14,14,0,0.8,500,0.6144578313253012,0.6111111111111112,0.1111111111111111,0.5
MSFT,14,14,1,0.0,500,0.5662650602409639,0.6111111111111112,0.1111111111111111,0.5
AAPL,14,14,2,0.0,500,0.6144578313253012,0.6111111111111112,0.1111111111111111,0.5
TSLA,7,3,2,0.0,10000,0.6,0.6190476190476191,0.6111111111111112,0.5
MSFT,3,7,0,0.5,500,0.42105263157894735,0.6190476190476191,0.42592592592592593,0.5
MSFT,3,7,2,0.8,500,0.5263157894736842,0.6190476190476191,0.42592592592592593,0.5
TSLA,3,14,2,0.0,1000,0.5222222222222223,0.625,0.5106382978723404,0.6
TSLA,3,14,2,0.2,500,0.5,0.625,0.574468085106383,0.525
TSLA,3,14,2,0.0,500,0.4888888888888889,0.625,0.46808510638297873,0.575
GOOGL,3,14,2,0.8,20000,0.5,0.625,0.3404255319148936,0.5
TSLA,3,14,2,0.2,20000,0.5444444444444444,0.625,0.48936170212765956,0.55
TSLA,7,7,2,0.2,500,0.5913978494623656,0.625,0.68,0.5
TSLA,3,14,2,0.2,1000,0.5222222222222223,0.625,0.5319148936170213,0.55
TSLA,3,14,0,0.2,500,0.5,0.625,0.5319148936170213,0.475
GOOGL,3,3,1,0.5,500,0.5612244897959183,0.627906976744186,0.5,0.5192307692307693
MSFT,3,3,1,0.0,500,0.5510204081632653,0.627906976744186,0.5172413793103449,0.58
GOOGL,3,3,2,0.2,20000,0.5306122448979592,0.627906976744186,0.4482758620689655,0.5192307692307693
GOOGL,3,3,2,0.0,10000,0.5408163265306123,0.627906976744186,0.39655172413793105,0.5192307692307693
GOOGL,3,3,2,0.0,1000,0.5408163265306123,0.627906976744186,0.4482758620689655,0.5384615384615384
GOOGL,3,3,2,0.5,500,0.5612244897959183,0.627906976744186,0.43103448275862066,0.5
GOOGL,3,3,2,0.2,500,0.5510204081632653,0.627906976744186,0.4827586206896552,0.5769230769230769
TSLA,7,14,1,0.8,500,0.625,0.631578947368421,0.6976744186046512,0.5416666666666666
TSLA,7,14,0,0.8,500,0.625,0.631578947368421,0.7209302325581395,0.5
TSLA,7,14,1,0.0,500,0.625,0.631578947368421,0.7209302325581395,0.5416666666666666
TSLA,7,14,0,0.5,500,0.625,0.631578947368421,0.7209302325581395,0.5
TSLA,7,14,1,0.5,500,0.625,0.631578947368421,0.6976744186046512,0.5
TSLA,7,14,2,0.8,500,0.625,0.631578947368421,0.7209302325581395,0.5
TSLA,7,14,1,0.2,500,0.625,0.631578947368421,0.6976744186046512,0.5
GOOGL,14,7,2,0.5,500,0.625,0.631578947368421,0.27906976744186046,0.5
GOOGL,14,7,2,0.0,1000,0.625,0.631578947368421,0.2558139534883721,0.5
TSLA,7,14,2,0.0,500,0.625,0.631578947368421,0.7209302325581395,0.5416666666666666
TSLA,7,14,2,0.5,500,0.625,0.631578947368421,0.7209302325581395,0.4166666666666667
TSLA,7,14,2,0.0,1000,0.6363636363636364,0.631578947368421,0.6511627906976745,0.5416666666666666
TSLA,7,14,2,0.2,1000,0.6363636363636364,0.631578947368421,0.7209302325581395,0.5416666666666666
TSLA,7,14,2,0.5,1000,0.6363636363636364,0.631578947368421,0.7209302325581395,0.5
TSLA,7,14,2,0.8,1000,0.625,0.631578947368421,0.7209302325581395,0.5
TSLA,7,14,2,0.0,10000,0.625,0.631578947368421,0.7441860465116279,0.4583333333333333
TSLA,7,14,2,0.2,10000,0.625,0.631578947368421,0.6976744186046512,0.4583333333333333
TSLA,7,14,2,0.5,10000,0.625,0.631578947368421,0.7209302325581395,0.5
TSLA,7,14,2,0.8,10000,0.625,0.631578947368421,0.6511627906976745,0.5
GOOGL,14,7,1,0.8,500,0.625,0.631578947368421,0.2558139534883721,0.5
TSLA,7,14,2,0.0,20000,0.625,0.631578947368421,0.7209302325581395,0.5
TSLA,7,14,2,0.2,20000,0.625,0.631578947368421,0.627906976744186,0.5833333333333334
TSLA,7,14,2,0.5,20000,0.625,0.631578947368421,0.7209302325581395,0.4583333333333333
TSLA,7,14,2,0.8,20000,0.625,0.631578947368421,0.7209302325581395,0.5
MSFT,14,7,0,0.0,500,0.5454545454545454,0.631578947368421,0.32558139534883723,0.45454545454545453
AAPL,14,7,2,0.2,10000,0.5568181818181818,0.631578947368421,0.23255813953488372,0.5
AAPL,14,7,2,0.5,10000,0.5909090909090909,0.631578947368421,0.3023255813953488,0.45
AAPL,7,14,2,0.0,20000,0.4772727272727273,0.631578947368421,0.3023255813953488,0.5
MSFT,14,14,2,0.8,500,0.5421686746987951,0.6388888888888888,0.1388888888888889,0.5
MSFT,14,14,2,0.2,500,0.5662650602409639,0.6388888888888888,0.1111111111111111,0.375
GOOGL,14,14,2,0.5,1000,0.6385542168674698,0.6388888888888888,0.19444444444444445,0.4
MSFT,14,14,0,0.8,500,0.5903614457831325,0.6388888888888888,0.1111111111111111,0.5
MSFT,14,14,1,0.2,500,0.5542168674698795,0.6388888888888888,0.1388888888888889,0.375
AAPL,14,14,2,0.2,500,0.6265060240963856,0.6388888888888888,0.1111111111111111,0.5
AAPL,14,14,2,0.2,1000,0.6144578313253012,0.6388888888888888,0.1388888888888889,0.625
GOOGL,14,14,2,0.5,10000,0.6024096385542169,0.6388888888888888,0.1388888888888889,0.4
TSLA,14,3,2,0.8,20000,0.6777777777777778,0.65,0.6382978723404256,0.5
TSLA,14,3,2,0.5,500,0.6777777777777778,0.65,0.6382978723404256,0.5
TSLA,14,3,0,0.0,500,0.6777777777777778,0.65,0.6382978723404256,0.5
TSLA,14,3,0,0.2,500,0.6777777777777778,0.65,0.5957446808510638,0.5
TSLA,14,3,0,0.5,500,0.6777777777777778,0.65,0.6382978723404256,0.5
TSLA,14,3,0,0.8,500,0.6777777777777778,0.65,0.5957446808510638,0.5588235294117647
AAPL,3,14,0,0.5,500,0.5555555555555556,0.65,0.48936170212765956,0.5263157894736842
TSLA,14,3,2,0.8,500,0.6777777777777778,0.65,0.6382978723404256,0.47058823529411764
TSLA,14,3,2,0.0,1000,0.6777777777777778,0.65,0.6170212765957447,0.5
TSLA,14,3,2,0.2,1000,0.6777777777777778,0.65,0.6595744680851063,0.5294117647058824
TSLA,14,3,2,0.5,1000,0.6777777777777778,0.65,0.6595744680851063,0.5
TSLA,3,14,2,0.0,10000,0.5444444444444444,0.65,0.5319148936170213,0.525
TSLA,14,3,2,0.8,1000,0.6777777777777778,0.65,0.6382978723404256,0.5294117647058824
TSLA,14,3,2,0.0,500,0.6777777777777778,0.65,0.574468085106383,0.5
TSLA,14,3,2,0.2,10000,0.6777777777777778,0.65,0.5957446808510638,0.47058823529411764
TSLA,14,3,1,0.0,500,0.6777777777777778,0.65,0.6170212765957447,0.5
TSLA,14,3,2,0.5,10000,0.6777777777777778,0.65,0.6170212765957447,0.5588235294117647
TSLA,14,3,2,0.8,10000,0.6777777777777778,0.65,0.6808510638297872,0.4411764705882353
TSLA,14,3,2,0.0,20000,0.6777777777777778,0.65,0.6170212765957447,0.5
TSLA,14,3,1,0.8,500,0.6777777777777778,0.65,0.6382978723404256,0.5
TSLA,14,3,1,0.5,500,0.6777777777777778,0.65,0.6382978723404256,0.47058823529411764
TSLA,14,3,2,0.5,20000,0.6777777777777778,0.65,0.6382978723404256,0.5588235294117647
TSLA,14,3,1,0.2,500,0.6777777777777778,0.65,0.6595744680851063,0.5
TSLA,14,3,2,0.0,10000,0.6777777777777778,0.65,0.5957446808510638,0.5294117647058824
TSLA,14,3,2,0.2,20000,0.6777777777777778,0.65,0.6382978723404256,0.5294117647058824
TSLA,14,3,2,0.2,500,0.6777777777777778,0.65,0.6382978723404256,0.5
MSFT,3,14,2,0.0,500,0.4222222222222222,0.65,0.40425531914893614,0.525
GOOGL,14,3,2,0.2,20000,0.6333333333333333,0.65,0.3191489361702128,0.5
GOOGL,3,14,2,0.2,1000,0.5333333333333333,0.65,0.3191489361702128,0.47058823529411764
GOOGL,3,3,2,0.5,1000,0.5408163265306123,0.6511627906976745,0.4482758620689655,0.5
GOOGL,3,3,2,0.5,10000,0.5204081632653061,0.6511627906976745,0.4482758620689655,0.5
GOOGL,3,3,2,0.8,10000,0.5306122448979592,0.6511627906976745,0.4827586206896552,0.5
GOOGL,3,3,2,0.2,1000,0.5102040816326531,0.6511627906976745,0.5,0.4807692307692308
GOOGL,3,3,0,0.5,500,0.5204081632653061,0.6511627906976745,0.39655172413793105,0.5384615384615384
GOOGL,3,3,1,0.2,500,0.5306122448979592,0.6511627906976745,0.43103448275862066,0.5384615384615384
GOOGL,3,3,1,0.8,500,0.5204081632653061,0.6511627906976745,0.4827586206896552,0.46153846153846156
GOOGL,3,3,2,0.8,500,0.5714285714285714,0.6511627906976745,0.46551724137931033,0.5
GOOGL,3,3,0,0.0,500,0.5612244897959183,0.6511627906976745,0.4482758620689655,0.40384615384615385
GOOGL,3,3,2,0.0,20000,0.5204081632653061,0.6511627906976745,0.4827586206896552,0.4807692307692308
GOOGL,3,3,2,0.5,20000,0.5306122448979592,0.6511627906976745,0.4482758620689655,0.5384615384615384
MSFT,3,3,2,0.2,1000,0.4387755102040816,0.6511627906976745,0.4827586206896552,0.4
GOOGL,3,3,2,0.8,20000,0.5408163265306123,0.6511627906976745,0.41379310344827586,0.46153846153846156
GOOGL,3,3,2,0.2,10000,0.5510204081632653,0.6511627906976745,0.3793103448275862,0.5384615384615384
GOOGL,3,3,2,0.8,1000,0.5510204081632653,0.6511627906976745,0.5172413793103449,0.5384615384615384
GOOGL,14,7,2,0.8,500,0.625,0.6578947368421053,0.3023255813953488,0.5
GOOGL,14,7,1,0.2,500,0.625,0.6578947368421053,0.2558139534883721,0.5
GOOGL,14,7,2,0.5,1000,0.625,0.6578947368421053,0.32558139534883723,0.4090909090909091
GOOGL,14,7,2,0.8,1000,0.625,0.6578947368421053,0.2558139534883721,0.5
GOOGL,14,7,2,0.0,10000,0.625,0.6578947368421053,0.27906976744186046,0.5454545454545454
GOOGL,14,7,2,0.2,10000,0.625,0.6578947368421053,0.3023255813953488,0.5454545454545454
GOOGL,14,7,2,0.5,10000,0.625,0.6578947368421053,0.27906976744186046,0.45454545454545453
GOOGL,14,7,2,0.8,10000,0.625,0.6578947368421053,0.32558139534883723,0.45454545454545453
GOOGL,14,7,2,0.2,20000,0.625,0.6578947368421053,0.27906976744186046,0.5
GOOGL,14,7,2,0.5,20000,0.625,0.6578947368421053,0.3023255813953488,0.5
GOOGL,14,7,2,0.8,20000,0.625,0.6578947368421053,0.3023255813953488,0.45454545454545453
MSFT,14,7,2,0.8,10000,0.3977272727272727,0.6578947368421053,0.3488372093023256,0.36363636363636365
GOOGL,14,7,2,0.2,1000,0.625,0.6578947368421053,0.2558139534883721,0.5
GOOGL,14,7,2,0.2,500,0.625,0.6578947368421053,0.2558139534883721,0.45454545454545453
GOOGL,14,7,2,0.0,500,0.625,0.6578947368421053,0.2558139534883721,0.5454545454545454
GOOGL,14,7,0,0.0,500,0.625,0.6578947368421053,0.3023255813953488,0.5
GOOGL,14,7,0,0.2,500,0.625,0.6578947368421053,0.3023255813953488,0.45454545454545453
GOOGL,14,7,0,0.5,500,0.625,0.6578947368421053,0.2558139534883721,0.5
GOOGL,14,7,0,0.8,500,0.625,0.6578947368421053,0.27906976744186046,0.5
GOOGL,14,7,1,0.0,500,0.625,0.6578947368421053,0.27906976744186046,0.5
GOOGL,14,7,1,0.5,500,0.625,0.6578947368421053,0.27906976744186046,0.4090909090909091
GOOGL,14,14,2,0.8,500,0.6265060240963856,0.6666666666666666,0.19444444444444445,0.5
GOOGL,14,14,2,0.0,10000,0.6265060240963856,0.6666666666666666,0.1388888888888889,0.5
GOOGL,14,14,2,0.2,10000,0.6265060240963856,0.6666666666666666,0.16666666666666666,0.6
GOOGL,14,14,2,0.8,10000,0.6265060240963856,0.6666666666666666,0.19444444444444445,0.6
GOOGL,14,14,2,0.0,20000,0.6265060240963856,0.6666666666666666,0.19444444444444445,0.5
GOOGL,14,14,2,0.5,20000,0.6265060240963856,0.6666666666666666,0.16666666666666666,0.5
GOOGL,14,14,1,0.0,500,0.6265060240963856,0.6666666666666666,0.16666666666666666,0.6
GOOGL,14,14,2,0.8,20000,0.6265060240963856,0.6666666666666666,0.1388888888888889,0.6
AAPL,3,7,0,0.8,500,0.5157894736842106,0.6666666666666666,0.48148148148148145,0.43478260869565216
GOOGL,14,14,2,0.2,20000,0.6265060240963856,0.6666666666666666,0.1388888888888889,0.4
GOOGL,14,14,2,0.8,1000,0.6144578313253012,0.6666666666666666,0.1388888888888889,0.5
GOOGL,14,14,0,0.2,500,0.6265060240963856,0.6666666666666666,0.16666666666666666,0.6
GOOGL,14,14,2,0.0,1000,0.6265060240963856,0.6666666666666666,0.1388888888888889,0.5
GOOGL,14,14,2,0.5,500,0.6265060240963856,0.6666666666666666,0.1388888888888889,0.5
GOOGL,14,14,2,0.2,500,0.6265060240963856,0.6666666666666666,0.16666666666666666,0.4
GOOGL,14,14,2,0.0,500,0.6265060240963856,0.6666666666666666,0.16666666666666666,0.5
GOOGL,14,14,1,0.2,500,0.6144578313253012,0.6666666666666666,0.16666666666666666,0.6
GOOGL,14,14,1,0.5,500,0.6265060240963856,0.6666666666666666,0.1388888888888889,0.5
GOOGL,14,14,1,0.8,500,0.6265060240963856,0.6666666666666666,0.16666666666666666,0.5
GOOGL,14,14,0,0.8,500,0.6265060240963856,0.6666666666666666,0.25,0.5
GOOGL,14,14,0,0.5,500,0.6265060240963856,0.6666666666666666,0.1388888888888889,0.5
GOOGL,14,14,0,0.0,500,0.6385542168674698,0.6666666666666666,0.25,0.6
GOOGL,14,14,2,0.2,1000,0.6265060240963856,0.6666666666666666,0.1388888888888889,0.5
GOOGL,3,3,2,0.0,500,0.4897959183673469,0.6744186046511628,0.46551724137931033,0.5
GOOGL,3,3,0,0.8,500,0.5408163265306123,0.6744186046511628,0.4482758620689655,0.5
GOOGL,14,3,2,0.8,500,0.6444444444444445,0.675,0.3617021276595745,0.5
GOOGL,14,3,1,0.5,500,0.6333333333333333,0.675,0.3191489361702128,0.5
GOOGL,14,3,2,0.5,10000,0.6333333333333333,0.675,0.3191489361702128,0.5
GOOGL,14,3,2,0.2,10000,0.6333333333333333,0.675,0.3191489361702128,0.5
GOOGL,14,3,2,0.0,10000,0.6333333333333333,0.675,0.3404255319148936,0.43333333333333335
GOOGL,14,3,2,0.8,1000,0.6333333333333333,0.675,0.3404255319148936,0.5
GOOGL,14,3,2,0.5,1000,0.6333333333333333,0.675,0.3404255319148936,0.4
GOOGL,14,3,2,0.2,1000,0.6333333333333333,0.675,0.3191489361702128,0.5
GOOGL,14,3,2,0.0,1000,0.6333333333333333,0.675,0.3191489361702128,0.5
GOOGL,14,3,2,0.5,500,0.6333333333333333,0.675,0.3191489361702128,0.4666666666666667
GOOGL,14,3,2,0.2,500,0.6333333333333333,0.675,0.3404255319148936,0.5666666666666667
GOOGL,14,3,2,0.0,500,0.6333333333333333,0.675,0.2978723404255319,0.5
GOOGL,14,3,1,0.8,500,0.6333333333333333,0.675,0.3404255319148936,0.4666666666666667
GOOGL,14,3,1,0.2,500,0.6333333333333333,0.675,0.3191489361702128,0.4666666666666667
GOOGL,14,3,1,0.0,500,0.6333333333333333,0.675,0.3829787234042553,0.5666666666666667
GOOGL,3,14,0,0.2,500,0.4888888888888889,0.675,0.40425531914893614,0.47058823529411764
GOOGL,14,3,0,0.8,500,0.6333333333333333,0.675,0.3191489361702128,0.5
GOOGL,14,3,0,0.5,500,0.6333333333333333,0.675,0.3191489361702128,0.5
GOOGL,14,3,0,0.2,500,0.6333333333333333,0.675,0.3404255319148936,0.5
GOOGL,14,3,0,0.0,500,0.6333333333333333,0.675,0.3191489361702128,0.5
AMZN,14,3,2,0.8,1000,0.6444444444444445,0.675,0.3404255319148936,0.5
GOOGL,14,3,2,0.8,10000,0.6333333333333333,0.675,0.3404255319148936,0.4666666666666667
GOOGL,14,3,2,0.0,20000,0.6333333333333333,0.675,0.425531914893617,0.4666666666666667
TSLA,3,14,1,0.8,500,0.5666666666666667,0.675,0.5319148936170213,0.5
GOOGL,14,3,2,0.8,20000,0.6333333333333333,0.675,0.2978723404255319,0.5
GOOGL,14,3,2,0.5,20000,0.6333333333333333,0.675,0.2553191489361702,0.4
GOOGL,3,14,2,0.8,500,0.5,0.675,0.425531914893617,0.5
TSLA,14,7,2,0.8,10000,0.6818181818181818,0.6842105263157895,0.6744186046511628,0.5384615384615384
AMZN,14,7,1,0.2,500,0.6704545454545454,0.6842105263157895,0.3488372093023256,0.5
TSLA,14,7,2,0.0,500,0.6818181818181818,0.6842105263157895,0.6511627906976745,0.5769230769230769
AMZN,14,7,1,0.8,500,0.6704545454545454,0.6842105263157895,0.3023255813953488,0.5
MSFT,14,7,1,0.8,500,0.4318181818181818,0.6842105263157895,0.3953488372093023,0.5
GOOGL,14,7,2,0.0,20000,0.625,0.6842105263157895,0.2558139534883721,0.5
MSFT,14,14,0,0.5,500,0.4819277108433735,0.6944444444444444,0.19444444444444445,0.375
AMZN,14,3,2,0.5,1000,0.6444444444444445,0.7,0.3404255319148936,0.5294117647058824
AMZN,14,3,1,0.5,500,0.6333333333333333,0.7,0.3617021276595745,0.5
AMZN,14,3,1,0.0,500,0.6444444444444445,0.7,0.3617021276595745,0.5
AMZN,14,3,2,0.0,20000,0.6444444444444445,0.7,0.3404255319148936,0.5588235294117647
TSLA,14,7,2,0.8,20000,0.6818181818181818,0.7105263157894737,0.6744186046511628,0.46153846153846156
TSLA,14,7,2,0.0,10000,0.6818181818181818,0.7105263157894737,0.627906976744186,0.5384615384615384
TSLA,14,7,2,0.5,10000,0.6818181818181818,0.7105263157894737,0.6976744186046512,0.5
TSLA,14,7,2,0.2,10000,0.6818181818181818,0.7105263157894737,0.6976744186046512,0.5
TSLA,14,7,2,0.0,20000,0.6818181818181818,0.7105263157894737,0.6744186046511628,0.5
TSLA,14,7,2,0.8,1000,0.6818181818181818,0.7105263157894737,0.6511627906976745,0.5384615384615384
TSLA,14,7,1,0.5,500,0.6818181818181818,0.7105263157894737,0.6744186046511628,0.5384615384615384
TSLA,14,7,2,0.2,1000,0.6818181818181818,0.7105263157894737,0.7441860465116279,0.5
TSLA,14,7,1,0.8,500,0.6818181818181818,0.7105263157894737,0.6744186046511628,0.5
TSLA,14,7,2,0.5,20000,0.6818181818181818,0.7105263157894737,0.6511627906976745,0.5384615384615384
TSLA,14,7,1,0.2,500,0.6818181818181818,0.7105263157894737,0.6976744186046512,0.5
TSLA,14,7,1,0.0,500,0.6818181818181818,0.7105263157894737,0.6976744186046512,0.5
TSLA,14,7,2,0.0,1000,0.6818181818181818,0.7105263157894737,0.6976744186046512,0.5
TSLA,14,7,2,0.8,500,0.6704545454545454,0.7105263157894737,0.6976744186046512,0.5384615384615384
TSLA,14,7,2,0.5,500,0.6818181818181818,0.7105263157894737,0.7209302325581395,0.5
TSLA,14,7,2,0.2,500,0.6818181818181818,0.7105263157894737,0.6976744186046512,0.5
TSLA,14,7,0,0.8,500,0.6818181818181818,0.7105263157894737,0.6976744186046512,0.5
TSLA,14,7,0,0.5,500,0.6818181818181818,0.7105263157894737,0.6976744186046512,0.5
TSLA,14,7,0,0.2,500,0.6818181818181818,0.7105263157894737,0.6976744186046512,0.5
TSLA,14,7,0,0.0,500,0.6818181818181818,0.7105263157894737,0.6744186046511628,0.5384615384615384
TSLA,14,7,2,0.5,1000,0.6818181818181818,0.7105263157894737,0.6976744186046512,0.5
TSLA,14,7,2,0.2,20000,0.6818181818181818,0.7105263157894737,0.6976744186046512,0.5
TSLA,14,14,2,0.2,500,0.7349397590361446,0.7222222222222222,0.6944444444444444,0.5
TSLA,14,14,2,0.0,500,0.7349397590361446,0.7222222222222222,0.6944444444444444,0.5
TSLA,14,14,2,0.5,500,0.7349397590361446,0.7222222222222222,0.7222222222222222,0.5
TSLA,14,14,2,0.8,500,0.7349397590361446,0.7222222222222222,0.6944444444444444,0.5
TSLA,14,14,2,0.0,1000,0.7349397590361446,0.7222222222222222,0.6388888888888888,0.5
TSLA,14,14,2,0.2,1000,0.7349397590361446,0.7222222222222222,0.6666666666666666,0.5909090909090909
TSLA,14,14,2,0.0,20000,0.7349397590361446,0.7222222222222222,0.6944444444444444,0.5
TSLA,14,14,2,0.8,10000,0.7349397590361446,0.7222222222222222,0.6666666666666666,0.5
TSLA,14,14,2,0.5,10000,0.7349397590361446,0.7222222222222222,0.6666666666666666,0.5
TSLA,14,14,2,0.2,10000,0.7349397590361446,0.7222222222222222,0.7222222222222222,0.5454545454545454
TSLA,14,14,2,0.0,10000,0.7349397590361446,0.7222222222222222,0.6944444444444444,0.5
TSLA,14,14,2,0.8,1000,0.7349397590361446,0.7222222222222222,0.6111111111111112,0.5
TSLA,14,14,2,0.5,1000,0.7349397590361446,0.7222222222222222,0.6111111111111112,0.5909090909090909
TSLA,14,14,2,0.2,20000,0.7349397590361446,0.7222222222222222,0.6944444444444444,0.4090909090909091
TSLA,14,14,1,0.0,500,0.7349397590361446,0.7222222222222222,0.7222222222222222,0.45454545454545453
TSLA,14,14,2,0.8,20000,0.7349397590361446,0.7222222222222222,0.6944444444444444,0.5
TSLA,14,14,1,0.2,500,0.7349397590361446,0.7222222222222222,0.7222222222222222,0.5
TSLA,14,14,1,0.5,500,0.7349397590361446,0.7222222222222222,0.6666666666666666,0.5
TSLA,14,14,1,0.8,500,0.7349397590361446,0.7222222222222222,0.6666666666666666,0.45454545454545453
TSLA,14,14,0,0.8,500,0.7349397590361446,0.7222222222222222,0.6944444444444444,0.5
TSLA,14,14,0,0.5,500,0.7349397590361446,0.7222222222222222,0.6944444444444444,0.5
TSLA,14,14,0,0.2,500,0.7349397590361446,0.7222222222222222,0.6944444444444444,0.5
TSLA,14,14,0,0.0,500,0.7349397590361446,0.7222222222222222,0.6944444444444444,0.45454545454545453
TSLA,14,14,2,0.5,20000,0.7349397590361446,0.7222222222222222,0.6666666666666666,0.5
AMZN,14,3,0,0.0,500,0.6444444444444445,0.725,0.3617021276595745,0.5
AMZN,14,3,2,0.8,500,0.6444444444444445,0.725,0.3617021276595745,0.5
AMZN,14,3,2,0.0,1000,0.6444444444444445,0.725,0.3404255319148936,0.5
AMZN,14,3,2,0.2,1000,0.6444444444444445,0.725,0.3617021276595745,0.5294117647058824
AMZN,14,3,1,0.8,500,0.6444444444444445,0.725,0.3617021276595745,0.5
AMZN,14,3,0,0.8,500,0.6555555555555556,0.725,0.3617021276595745,0.5
AMZN,14,3,0,0.5,500,0.6444444444444445,0.725,0.3617021276595745,0.5
AMZN,14,3,0,0.2,500,0.6444444444444445,0.725,0.3617021276595745,0.5
AMZN,14,3,2,0.0,500,0.6444444444444445,0.725,0.3617021276595745,0.5
AMZN,14,3,2,0.0,10000,0.6333333333333333,0.725,0.3617021276595745,0.5
AMZN,14,3,2,0.2,10000,0.6444444444444445,0.725,0.3617021276595745,0.5
AMZN,14,3,2,0.5,10000,0.6444444444444445,0.725,0.3404255319148936,0.5
AMZN,14,3,2,0.8,10000,0.6333333333333333,0.725,0.425531914893617,0.47058823529411764
AMZN,14,3,2,0.2,20000,0.6222222222222222,0.725,0.3404255319148936,0.5
AMZN,14,3,2,0.5,20000,0.6444444444444445,0.725,0.3829787234042553,0.5
AMZN,14,3,2,0.8,20000,0.6444444444444445,0.725,0.3829787234042553,0.5294117647058824
AMZN,14,3,2,0.2,500,0.6444444444444445,0.725,0.3404255319148936,0.5
AMZN,14,7,0,0.0,500,0.6704545454545454,0.7368421052631579,0.3023255813953488,0.5
AMZN,14,7,0,0.2,500,0.6704545454545454,0.7368421052631579,0.3023255813953488,0.5
AMZN,14,7,0,0.5,500,0.6704545454545454,0.7368421052631579,0.3023255813953488,0.5
AMZN,14,7,0,0.8,500,0.6704545454545454,0.7368421052631579,0.3023255813953488,0.5
AMZN,14,7,1,0.0,500,0.6704545454545454,0.7368421052631579,0.32558139534883723,0.46153846153846156
AMZN,14,7,1,0.5,500,0.6704545454545454,0.7368421052631579,0.3023255813953488,0.4230769230769231
AMZN,14,7,2,0.2,500,0.6704545454545454,0.7368421052631579,0.3953488372093023,0.5384615384615384
AMZN,14,7,2,0.0,500,0.6704545454545454,0.7368421052631579,0.32558139534883723,0.46153846153846156
AMZN,14,7,2,0.5,500,0.6704545454545454,0.7368421052631579,0.3023255813953488,0.46153846153846156
AMZN,14,7,2,0.5,20000,0.6704545454545454,0.7368421052631579,0.3023255813953488,0.5
AMZN,14,7,2,0.8,20000,0.6704545454545454,0.7368421052631579,0.37209302325581395,0.5
AMZN,14,7,2,0.8,10000,0.6704545454545454,0.7368421052631579,0.32558139534883723,0.5
AMZN,14,7,2,0.2,10000,0.6704545454545454,0.7368421052631579,0.32558139534883723,0.5
AMZN,14,7,2,0.0,10000,0.6704545454545454,0.7368421052631579,0.32558139534883723,0.4230769230769231
AMZN,14,7,2,0.8,1000,0.6704545454545454,0.7368421052631579,0.3488372093023256,0.5
AMZN,14,7,2,0.5,10000,0.6704545454545454,0.7368421052631579,0.32558139534883723,0.5384615384615384
AMZN,14,7,2,0.2,1000,0.6704545454545454,0.7368421052631579,0.3488372093023256,0.5
AMZN,14,7,2,0.0,1000,0.6704545454545454,0.7368421052631579,0.27906976744186046,0.5
AMZN,14,7,2,0.8,500,0.6704545454545454,0.7368421052631579,0.32558139534883723,0.5
AMZN,14,7,2,0.5,1000,0.6704545454545454,0.7368421052631579,0.3023255813953488,0.5
AMZN,14,7,2,0.2,20000,0.6704545454545454,0.7368421052631579,0.3023255813953488,0.46153846153846156
AMZN,14,3,1,0.2,500,0.6444444444444445,0.75,0.3404255319148936,0.5
AMZN,14,3,2,0.5,500,0.6444444444444445,0.75,0.3404255319148936,0.5294117647058824
AMZN,14,7,2,0.0,20000,0.6590909090909091,0.7631578947368421,0.3023255813953488,0.5
AMZN,14,14,2,0.8,20000,0.7108433734939759,0.7777777777777778,0.19444444444444445,0.5
AMZN,14,14,2,0.5,20000,0.7108433734939759,0.7777777777777778,0.16666666666666666,0.5
AMZN,14,14,2,0.2,20000,0.7108433734939759,0.7777777777777778,0.19444444444444445,0.5
AMZN,14,14,2,0.0,20000,0.7108433734939759,0.7777777777777778,0.2222222222222222,0.5
AMZN,14,14,2,0.8,10000,0.7108433734939759,0.7777777777777778,0.19444444444444445,0.5833333333333334
AMZN,14,14,2,0.5,10000,0.7108433734939759,0.7777777777777778,0.19444444444444445,0.5
AMZN,14,14,1,0.5,500,0.7108433734939759,0.7777777777777778,0.2222222222222222,0.5
AMZN,14,14,2,0.0,500,0.7108433734939759,0.7777777777777778,0.19444444444444445,0.5833333333333334
AMZN,14,14,1,0.2,500,0.7108433734939759,0.7777777777777778,0.19444444444444445,0.5833333333333334
AMZN,14,14,2,0.5,1000,0.7108433734939759,0.7777777777777778,0.19444444444444445,0.5833333333333334
AMZN,14,14,2,0.2,1000,0.7108433734939759,0.7777777777777778,0.16666666666666666,0.5
AMZN,14,14,2,0.8,1000,0.7108433734939759,0.7777777777777778,0.16666666666666666,0.5
AMZN,14,14,2,0.0,1000,0.7108433734939759,0.7777777777777778,0.1388888888888889,0.5833333333333334
AMZN,14,14,2,0.8,500,0.7108433734939759,0.7777777777777778,0.16666666666666666,0.5
AMZN,14,14,1,0.8,500,0.7108433734939759,0.7777777777777778,0.19444444444444445,0.5833333333333334
AMZN,14,14,2,0.0,10000,0.7108433734939759,0.7777777777777778,0.2222222222222222,0.5833333333333334
AMZN,14,14,0,0.8,500,0.7108433734939759,0.7777777777777778,0.16666666666666666,0.5
AMZN,14,14,0,0.5,500,0.7108433734939759,0.7777777777777778,0.16666666666666666,0.5
AMZN,14,14,0,0.2,500,0.7108433734939759,0.7777777777777778,0.16666666666666666,0.5
AMZN,14,14,0,0.0,500,0.7108433734939759,0.7777777777777778,0.1388888888888889,0.5
AMZN,14,14,2,0.5,500,0.7108433734939759,0.7777777777777778,0.19444444444444445,0.4166666666666667
AMZN,14,14,2,0.2,500,0.7108433734939759,0.7777777777777778,0.19444444444444445,0.5833333333333334
AMZN,14,14,2,0.2,10000,0.7108433734939759,0.7777777777777778,0.16666666666666666,0.5
AMZN,14,14,1,0.0,500,0.7108433734939759,0.7777777777777778,0.25,0.5833333333333334
